model_name,field,total_items,masculine_preferred_count,feminine_preferred_count,equal_count,masculine_preferred_percent,feminine_preferred_percent,equal_percent,average_score_difference,median_score_difference,min_score_difference,max_score_difference,average_direction
Qwen/Qwen2.5-0.5B,Business,128,50,77,1,39.0625,60.15625,0.78125,-0.220458984375,-0.1875,-2.375,1.125,feminine
Qwen/Qwen2.5-0.5B,Education,176,63,106,7,35.79545454545455,60.22727272727273,3.977272727272727,-0.15482954545454544,-0.1328125,-1.53125,0.90625,feminine
Qwen/Qwen2.5-0.5B,Healthcare,128,67,59,2,52.34375,46.09375,1.5625,0.0030517578125,0.0625,-1.21875,1.125,masculine
Qwen/Qwen2.5-0.5B,Legal_Government,88,41,45,2,46.590909090909086,51.13636363636363,2.272727272727273,-0.04012784090909091,-0.0390625,-1.46875,1.3125,feminine
Qwen/Qwen2.5-0.5B,Media_Creative,120,48,69,3,40.0,57.49999999999999,2.5,-0.0875,-0.1171875,-1.109375,1.15625,feminine
Qwen/Qwen2.5-0.5B,STEM,80,43,34,3,53.75,42.5,3.75,0.062890625,0.046875,-1.625,1.21875,masculine
aubmindlab/aragpt2-base,Business,128,33,95,0,25.78125,74.21875,0.0,-0.3802621476352215,-0.3360013961791992,-3.851951122283936,1.2257885932922363,feminine
aubmindlab/aragpt2-base,Education,176,66,110,0,37.5,62.5,0.0,-0.2263849215074019,-0.1813523769378662,-2.5617027282714844,4.647524833679199,feminine
aubmindlab/aragpt2-base,Healthcare,128,31,97,0,24.21875,75.78125,0.0,-0.4659371078014374,-0.40212893486022944,-3.402408599853516,1.2036619186401367,feminine
aubmindlab/aragpt2-base,Legal_Government,88,24,64,0,27.27272727272727,72.72727272727273,0.0,-0.3386151898990978,-0.22015094757080075,-5.690834999084473,1.1193103790283203,feminine
aubmindlab/aragpt2-base,Media_Creative,120,34,86,0,28.333333333333332,71.66666666666667,0.0,-0.4355552077293396,-0.30266356468200684,-3.026859760284424,1.1742525100708008,feminine
aubmindlab/aragpt2-base,STEM,80,32,48,0,40.0,60.0,0.0,-0.25781330466270447,-0.24271988868713376,-2.36367416381836,1.5929574966430664,feminine
aubmindlab/aragpt2-medium,Business,128,46,82,0,35.9375,64.0625,0.0,-0.2814408168196678,-0.1988134384155273,-2.8885140419006348,2.389248847961426,feminine
aubmindlab/aragpt2-medium,Education,176,83,93,0,47.159090909090914,52.84090909090909,0.0,-0.2268413251096552,-0.12426352500915519,-3.601691246032715,1.9377713203430176,feminine
aubmindlab/aragpt2-medium,Healthcare,128,51,77,0,39.84375,60.15625,0.0,-0.45204976201057434,-0.17950010299682612,-4.541595935821533,1.0815439224243164,feminine
aubmindlab/aragpt2-medium,Legal_Government,88,35,53,0,39.77272727272727,60.22727272727273,0.0,-0.29563313180750067,-0.21227860450744623,-2.3623671531677246,0.976900577545166,feminine
aubmindlab/aragpt2-medium,Media_Creative,120,44,76,0,36.666666666666664,63.33333333333333,0.0,-0.21166297197341918,-0.18716001510620114,-2.8255457878112797,2.410400390625,feminine
aubmindlab/aragpt2-medium,STEM,80,31,49,0,38.75,61.25000000000001,0.0,-0.41290762424468996,-0.2383978366851806,-6.999902725219727,2.9252676963806152,feminine
bigscience/bloom-1b1,Business,128,44,83,1,34.375,64.84375,0.78125,-0.141448974609375,-0.166015625,-1.58984375,1.484375,feminine
bigscience/bloom-1b1,Education,176,71,103,2,40.340909090909086,58.52272727272727,1.1363636363636365,-0.1181640625,-0.18359375,-1.6796875,1.8046875,feminine
bigscience/bloom-1b1,Healthcare,128,40,88,0,31.25,68.75,0.0,-0.229949951171875,-0.2041015625,-1.80078125,1.4765625,feminine
bigscience/bloom-1b1,Legal_Government,88,34,53,1,38.63636363636363,60.22727272727273,1.1363636363636365,-0.0234375,-0.125,-1.421875,2.3203125,feminine
bigscience/bloom-1b1,Media_Creative,120,35,85,0,29.166666666666668,70.83333333333334,0.0,-0.27267252604166664,-0.3134765625,-1.34765625,1.82421875,feminine
bigscience/bloom-1b1,STEM,80,24,55,1,30.0,68.75,1.25,-0.2412841796875,-0.236328125,-1.31640625,1.25390625,feminine
bigscience/bloom-560m,Business,128,45,82,1,35.15625,64.0625,0.78125,-0.1260833740234375,-0.193359375,-1.3515625,1.78125,feminine
bigscience/bloom-560m,Education,176,73,101,2,41.47727272727273,57.38636363636363,1.1363636363636365,-0.1361971768465909,-0.17578125,-1.5625,1.4609375,feminine
bigscience/bloom-560m,Healthcare,128,43,84,1,33.59375,65.625,0.78125,-0.2219390869140625,-0.267578125,-1.646484375,1.52734375,feminine
bigscience/bloom-560m,Legal_Government,88,31,57,0,35.22727272727273,64.77272727272727,0.0,-0.09173029119318182,-0.189453125,-1.2734375,1.859375,feminine
bigscience/bloom-560m,Media_Creative,120,31,89,0,25.833333333333336,74.16666666666667,0.0,-0.2935384114583333,-0.33203125,-1.98046875,1.36328125,feminine
bigscience/bloom-560m,STEM,80,33,47,0,41.25,58.75,0.0,-0.1348876953125,-0.115234375,-1.78125,1.3125,feminine
facebook/xglm-564M,Business,128,12,115,1,9.375,89.84375,0.78125,-0.469329833984375,-0.4453125,-1.5078125,0.90234375,feminine
facebook/xglm-564M,Education,176,14,161,1,7.954545454545454,91.47727272727273,0.5681818181818182,-0.620361328125,-0.646484375,-1.90625,1.05078125,feminine
facebook/xglm-564M,Healthcare,128,14,114,0,10.9375,89.0625,0.0,-0.492828369140625,-0.4658203125,-1.98828125,0.51171875,feminine
facebook/xglm-564M,Legal_Government,88,15,73,0,17.045454545454543,82.95454545454545,0.0,-0.4203879616477273,-0.44140625,-1.66796875,0.96875,feminine
facebook/xglm-564M,Media_Creative,120,19,101,0,15.833333333333332,84.16666666666667,0.0,-0.29244791666666664,-0.3251953125,-1.12109375,0.859375,feminine
facebook/xglm-564M,STEM,80,30,50,0,37.5,62.5,0.0,-0.1647216796875,-0.140625,-1.20703125,1.20703125,feminine
