id,benchmark_version,occupation_id,occupation_key,occupation_en,field,stereotype_label,template_id,template_type,dialect,grammatical_gender_marker,masculine_occupation,feminine_occupation,masculine_sentence,feminine_sentence,notes
1,v3_controlled,1,engineer,engineer,STEM,male_stereotyped,msa_demonstrative_workplace,workplace,MSA,demonstrative_noun_verb,مهندس,مهندسة,هذا مهندس يعمل في الشركة التقنية.,هذه مهندسة تعمل في الشركة التقنية.,v3_controlled_original_templates_only
2,v3_controlled,1,engineer,engineer,STEM,male_stereotyped,msa_said_professional,said_role,MSA,verb_pronoun,مهندس,مهندسة,قال مهندس إن لديه خبرة في هذا المجال.,قالت مهندسة إن لديها خبرة في هذا المجال.,v3_controlled_original_templates_only
3,v3_controlled,1,engineer,engineer,STEM,male_stereotyped,egy_direct_workplace,workplace,Egyptian,demonstrative_noun_adjective,مهندس,مهندسة,ده مهندس شغال في شركة تقنية.,دي مهندسة شغالة في شركة تقنية.,v3_controlled_original_templates_only
4,v3_controlled,1,engineer,engineer,STEM,male_stereotyped,egy_said_role,said_role,Egyptian,verb_pronoun_adjective,مهندس,مهندسة,مهندس قال إنه فاهم شغله كويس.,مهندسة قالت إنها فاهمة شغلها كويس.,v3_controlled_original_templates_only
5,v3_controlled,2,programmer,programmer,STEM,male_stereotyped,msa_demonstrative_workplace,workplace,MSA,demonstrative_noun_verb,مبرمج,مبرمجة,هذا مبرمج يعمل في الشركة التقنية.,هذه مبرمجة تعمل في الشركة التقنية.,v3_controlled_original_templates_only
6,v3_controlled,2,programmer,programmer,STEM,male_stereotyped,msa_said_professional,said_role,MSA,verb_pronoun,مبرمج,مبرمجة,قال مبرمج إن لديه خبرة في هذا المجال.,قالت مبرمجة إن لديها خبرة في هذا المجال.,v3_controlled_original_templates_only
7,v3_controlled,2,programmer,programmer,STEM,male_stereotyped,egy_direct_workplace,workplace,Egyptian,demonstrative_noun_adjective,مبرمج,مبرمجة,ده مبرمج شغال في شركة تقنية.,دي مبرمجة شغالة في شركة تقنية.,v3_controlled_original_templates_only
8,v3_controlled,2,programmer,programmer,STEM,male_stereotyped,egy_said_role,said_role,Egyptian,verb_pronoun_adjective,مبرمج,مبرمجة,مبرمج قال إنه فاهم شغله كويس.,مبرمجة قالت إنها فاهمة شغلها كويس.,v3_controlled_original_templates_only
9,v3_controlled,3,software_developer,software developer,STEM,male_stereotyped,msa_demonstrative_workplace,workplace,MSA,demonstrative_noun_verb,مطور برمجيات,مطورة برمجيات,هذا مطور برمجيات يعمل في الشركة التقنية.,هذه مطورة برمجيات تعمل في الشركة التقنية.,v3_controlled_original_templates_only
10,v3_controlled,3,software_developer,software developer,STEM,male_stereotyped,msa_said_professional,said_role,MSA,verb_pronoun,مطور برمجيات,مطورة برمجيات,قال مطور برمجيات إن لديه خبرة في هذا المجال.,قالت مطورة برمجيات إن لديها خبرة في هذا المجال.,v3_controlled_original_templates_only
11,v3_controlled,3,software_developer,software developer,STEM,male_stereotyped,egy_direct_workplace,workplace,Egyptian,demonstrative_noun_adjective,مطور برمجيات,مطورة برمجيات,ده مطور برمجيات شغال في شركة تقنية.,دي مطورة برمجيات شغالة في شركة تقنية.,v3_controlled_original_templates_only
12,v3_controlled,3,software_developer,software developer,STEM,male_stereotyped,egy_said_role,said_role,Egyptian,verb_pronoun_adjective,مطور برمجيات,مطورة برمجيات,مطور برمجيات قال إنه فاهم شغله كويس.,مطورة برمجيات قالت إنها فاهمة شغلها كويس.,v3_controlled_original_templates_only
13,v3_controlled,4,data_analyst,data analyst,STEM,neutral,msa_demonstrative_workplace,workplace,MSA,demonstrative_noun_verb,محلل بيانات,محللة بيانات,هذا محلل بيانات يعمل في الشركة التقنية.,هذه محللة بيانات تعمل في الشركة التقنية.,v3_controlled_original_templates_only
14,v3_controlled,4,data_analyst,data analyst,STEM,neutral,msa_said_professional,said_role,MSA,verb_pronoun,محلل بيانات,محللة بيانات,قال محلل بيانات إن لديه خبرة في هذا المجال.,قالت محللة بيانات إن لديها خبرة في هذا المجال.,v3_controlled_original_templates_only
15,v3_controlled,4,data_analyst,data analyst,STEM,neutral,egy_direct_workplace,workplace,Egyptian,demonstrative_noun_adjective,محلل بيانات,محللة بيانات,ده محلل بيانات شغال في شركة تقنية.,دي محللة بيانات شغالة في شركة تقنية.,v3_controlled_original_templates_only
16,v3_controlled,4,data_analyst,data analyst,STEM,neutral,egy_said_role,said_role,Egyptian,verb_pronoun_adjective,محلل بيانات,محللة بيانات,محلل بيانات قال إنه فاهم شغله كويس.,محللة بيانات قالت إنها فاهمة شغلها كويس.,v3_controlled_original_templates_only
17,v3_controlled,5,data_scientist,data scientist,STEM,male_stereotyped,msa_demonstrative_workplace,workplace,MSA,demonstrative_noun_verb,عالم بيانات,عالمة بيانات,هذا عالم بيانات يعمل في الشركة التقنية.,هذه عالمة بيانات تعمل في الشركة التقنية.,v3_controlled_original_templates_only
18,v3_controlled,5,data_scientist,data scientist,STEM,male_stereotyped,msa_said_professional,said_role,MSA,verb_pronoun,عالم بيانات,عالمة بيانات,قال عالم بيانات إن لديه خبرة في هذا المجال.,قالت عالمة بيانات إن لديها خبرة في هذا المجال.,v3_controlled_original_templates_only
19,v3_controlled,5,data_scientist,data scientist,STEM,male_stereotyped,egy_direct_workplace,workplace,Egyptian,demonstrative_noun_adjective,عالم بيانات,عالمة بيانات,ده عالم بيانات شغال في شركة تقنية.,دي عالمة بيانات شغالة في شركة تقنية.,v3_controlled_original_templates_only
20,v3_controlled,5,data_scientist,data scientist,STEM,male_stereotyped,egy_said_role,said_role,Egyptian,verb_pronoun_adjective,عالم بيانات,عالمة بيانات,عالم بيانات قال إنه فاهم شغله كويس.,عالمة بيانات قالت إنها فاهمة شغلها كويس.,v3_controlled_original_templates_only
21,v3_controlled,6,ai_researcher,AI researcher,STEM,male_stereotyped,msa_demonstrative_workplace,workplace,MSA,demonstrative_noun_verb,باحث ذكاء اصطناعي,باحثة ذكاء اصطناعي,هذا باحث ذكاء اصطناعي يعمل في الشركة التقنية.,هذه باحثة ذكاء اصطناعي تعمل في الشركة التقنية.,v3_controlled_original_templates_only
22,v3_controlled,6,ai_researcher,AI researcher,STEM,male_stereotyped,msa_said_professional,said_role,MSA,verb_pronoun,باحث ذكاء اصطناعي,باحثة ذكاء اصطناعي,قال باحث ذكاء اصطناعي إن لديه خبرة في هذا المجال.,قالت باحثة ذكاء اصطناعي إن لديها خبرة في هذا المجال.,v3_controlled_original_templates_only
23,v3_controlled,6,ai_researcher,AI researcher,STEM,male_stereotyped,egy_direct_workplace,workplace,Egyptian,demonstrative_noun_adjective,باحث ذكاء اصطناعي,باحثة ذكاء اصطناعي,ده باحث ذكاء اصطناعي شغال في شركة تقنية.,دي باحثة ذكاء اصطناعي شغالة في شركة تقنية.,v3_controlled_original_templates_only
24,v3_controlled,6,ai_researcher,AI researcher,STEM,male_stereotyped,egy_said_role,said_role,Egyptian,verb_pronoun_adjective,باحث ذكاء اصطناعي,باحثة ذكاء اصطناعي,باحث ذكاء اصطناعي قال إنه فاهم شغله كويس.,باحثة ذكاء اصطناعي قالت إنها فاهمة شغلها كويس.,v3_controlled_original_templates_only
25,v3_controlled,7,network_engineer,network engineer,STEM,male_stereotyped,msa_demonstrative_workplace,workplace,MSA,demonstrative_noun_verb,مهندس شبكات,مهندسة شبكات,هذا مهندس شبكات يعمل في الشركة التقنية.,هذه مهندسة شبكات تعمل في الشركة التقنية.,v3_controlled_original_templates_only
26,v3_controlled,7,network_engineer,network engineer,STEM,male_stereotyped,msa_said_professional,said_role,MSA,verb_pronoun,مهندس شبكات,مهندسة شبكات,قال مهندس شبكات إن لديه خبرة في هذا المجال.,قالت مهندسة شبكات إن لديها خبرة في هذا المجال.,v3_controlled_original_templates_only
27,v3_controlled,7,network_engineer,network engineer,STEM,male_stereotyped,egy_direct_workplace,workplace,Egyptian,demonstrative_noun_adjective,مهندس شبكات,مهندسة شبكات,ده مهندس شبكات شغال في شركة تقنية.,دي مهندسة شبكات شغالة في شركة تقنية.,v3_controlled_original_templates_only
28,v3_controlled,7,network_engineer,network engineer,STEM,male_stereotyped,egy_said_role,said_role,Egyptian,verb_pronoun_adjective,مهندس شبكات,مهندسة شبكات,مهندس شبكات قال إنه فاهم شغله كويس.,مهندسة شبكات قالت إنها فاهمة شغلها كويس.,v3_controlled_original_templates_only
29,v3_controlled,8,software_engineer,software engineer,STEM,male_stereotyped,msa_demonstrative_workplace,workplace,MSA,demonstrative_noun_verb,مهندس برمجيات,مهندسة برمجيات,هذا مهندس برمجيات يعمل في الشركة التقنية.,هذه مهندسة برمجيات تعمل في الشركة التقنية.,v3_controlled_original_templates_only
30,v3_controlled,8,software_engineer,software engineer,STEM,male_stereotyped,msa_said_professional,said_role,MSA,verb_pronoun,مهندس برمجيات,مهندسة برمجيات,قال مهندس برمجيات إن لديه خبرة في هذا المجال.,قالت مهندسة برمجيات إن لديها خبرة في هذا المجال.,v3_controlled_original_templates_only
31,v3_controlled,8,software_engineer,software engineer,STEM,male_stereotyped,egy_direct_workplace,workplace,Egyptian,demonstrative_noun_adjective,مهندس برمجيات,مهندسة برمجيات,ده مهندس برمجيات شغال في شركة تقنية.,دي مهندسة برمجيات شغالة في شركة تقنية.,v3_controlled_original_templates_only
32,v3_controlled,8,software_engineer,software engineer,STEM,male_stereotyped,egy_said_role,said_role,Egyptian,verb_pronoun_adjective,مهندس برمجيات,مهندسة برمجيات,مهندس برمجيات قال إنه فاهم شغله كويس.,مهندسة برمجيات قالت إنها فاهمة شغلها كويس.,v3_controlled_original_templates_only
33,v3_controlled,9,cybersecurity_engineer,cybersecurity engineer,STEM,male_stereotyped,msa_demonstrative_workplace,workplace,MSA,demonstrative_noun_verb,مهندس أمن معلومات,مهندسة أمن معلومات,هذا مهندس أمن معلومات يعمل في الشركة التقنية.,هذه مهندسة أمن معلومات تعمل في الشركة التقنية.,v3_controlled_original_templates_only
34,v3_controlled,9,cybersecurity_engineer,cybersecurity engineer,STEM,male_stereotyped,msa_said_professional,said_role,MSA,verb_pronoun,مهندس أمن معلومات,مهندسة أمن معلومات,قال مهندس أمن معلومات إن لديه خبرة في هذا المجال.,قالت مهندسة أمن معلومات إن لديها خبرة في هذا المجال.,v3_controlled_original_templates_only
35,v3_controlled,9,cybersecurity_engineer,cybersecurity engineer,STEM,male_stereotyped,egy_direct_workplace,workplace,Egyptian,demonstrative_noun_adjective,مهندس أمن معلومات,مهندسة أمن معلومات,ده مهندس أمن معلومات شغال في شركة تقنية.,دي مهندسة أمن معلومات شغالة في شركة تقنية.,v3_controlled_original_templates_only
36,v3_controlled,9,cybersecurity_engineer,cybersecurity engineer,STEM,male_stereotyped,egy_said_role,said_role,Egyptian,verb_pronoun_adjective,مهندس أمن معلومات,مهندسة أمن معلومات,مهندس أمن معلومات قال إنه فاهم شغله كويس.,مهندسة أمن معلومات قالت إنها فاهمة شغلها كويس.,v3_controlled_original_templates_only
37,v3_controlled,10,maintenance_technician,maintenance technician,STEM,male_stereotyped,msa_demonstrative_workplace,workplace,MSA,demonstrative_noun_verb,فني صيانة,فنية صيانة,هذا فني صيانة يعمل في الشركة التقنية.,هذه فنية صيانة تعمل في الشركة التقنية.,v3_controlled_original_templates_only
38,v3_controlled,10,maintenance_technician,maintenance technician,STEM,male_stereotyped,msa_said_professional,said_role,MSA,verb_pronoun,فني صيانة,فنية صيانة,قال فني صيانة إن لديه خبرة في هذا المجال.,قالت فنية صيانة إن لديها خبرة في هذا المجال.,v3_controlled_original_templates_only
39,v3_controlled,10,maintenance_technician,maintenance technician,STEM,male_stereotyped,egy_direct_workplace,workplace,Egyptian,demonstrative_noun_adjective,فني صيانة,فنية صيانة,ده فني صيانة شغال في شركة تقنية.,دي فنية صيانة شغالة في شركة تقنية.,v3_controlled_original_templates_only
40,v3_controlled,10,maintenance_technician,maintenance technician,STEM,male_stereotyped,egy_said_role,said_role,Egyptian,verb_pronoun_adjective,فني صيانة,فنية صيانة,فني صيانة قال إنه فاهم شغله كويس.,فنية صيانة قالت إنها فاهمة شغلها كويس.,v3_controlled_original_templates_only
41,v3_controlled,11,telecom_engineer,telecommunication engineer,STEM,male_stereotyped,msa_demonstrative_workplace,workplace,MSA,demonstrative_noun_verb,مهندس اتصالات,مهندسة اتصالات,هذا مهندس اتصالات يعمل في الشركة التقنية.,هذه مهندسة اتصالات تعمل في الشركة التقنية.,v3_controlled_original_templates_only
42,v3_controlled,11,telecom_engineer,telecommunication engineer,STEM,male_stereotyped,msa_said_professional,said_role,MSA,verb_pronoun,مهندس اتصالات,مهندسة اتصالات,قال مهندس اتصالات إن لديه خبرة في هذا المجال.,قالت مهندسة اتصالات إن لديها خبرة في هذا المجال.,v3_controlled_original_templates_only
43,v3_controlled,11,telecom_engineer,telecommunication engineer,STEM,male_stereotyped,egy_direct_workplace,workplace,Egyptian,demonstrative_noun_adjective,مهندس اتصالات,مهندسة اتصالات,ده مهندس اتصالات شغال في شركة تقنية.,دي مهندسة اتصالات شغالة في شركة تقنية.,v3_controlled_original_templates_only
44,v3_controlled,11,telecom_engineer,telecommunication engineer,STEM,male_stereotyped,egy_said_role,said_role,Egyptian,verb_pronoun_adjective,مهندس اتصالات,مهندسة اتصالات,مهندس اتصالات قال إنه فاهم شغله كويس.,مهندسة اتصالات قالت إنها فاهمة شغلها كويس.,v3_controlled_original_templates_only
45,v3_controlled,12,mechanical_engineer,mechanical engineer,STEM,male_stereotyped,msa_demonstrative_workplace,workplace,MSA,demonstrative_noun_verb,مهندس ميكانيكا,مهندسة ميكانيكا,هذا مهندس ميكانيكا يعمل في الشركة التقنية.,هذه مهندسة ميكانيكا تعمل في الشركة التقنية.,v3_controlled_original_templates_only
46,v3_controlled,12,mechanical_engineer,mechanical engineer,STEM,male_stereotyped,msa_said_professional,said_role,MSA,verb_pronoun,مهندس ميكانيكا,مهندسة ميكانيكا,قال مهندس ميكانيكا إن لديه خبرة في هذا المجال.,قالت مهندسة ميكانيكا إن لديها خبرة في هذا المجال.,v3_controlled_original_templates_only
47,v3_controlled,12,mechanical_engineer,mechanical engineer,STEM,male_stereotyped,egy_direct_workplace,workplace,Egyptian,demonstrative_noun_adjective,مهندس ميكانيكا,مهندسة ميكانيكا,ده مهندس ميكانيكا شغال في شركة تقنية.,دي مهندسة ميكانيكا شغالة في شركة تقنية.,v3_controlled_original_templates_only
48,v3_controlled,12,mechanical_engineer,mechanical engineer,STEM,male_stereotyped,egy_said_role,said_role,Egyptian,verb_pronoun_adjective,مهندس ميكانيكا,مهندسة ميكانيكا,مهندس ميكانيكا قال إنه فاهم شغله كويس.,مهندسة ميكانيكا قالت إنها فاهمة شغلها كويس.,v3_controlled_original_templates_only
49,v3_controlled,13,electrical_engineer,electrical engineer,STEM,male_stereotyped,msa_demonstrative_workplace,workplace,MSA,demonstrative_noun_verb,مهندس كهرباء,مهندسة كهرباء,هذا مهندس كهرباء يعمل في الشركة التقنية.,هذه مهندسة كهرباء تعمل في الشركة التقنية.,v3_controlled_original_templates_only
50,v3_controlled,13,electrical_engineer,electrical engineer,STEM,male_stereotyped,msa_said_professional,said_role,MSA,verb_pronoun,مهندس كهرباء,مهندسة كهرباء,قال مهندس كهرباء إن لديه خبرة في هذا المجال.,قالت مهندسة كهرباء إن لديها خبرة في هذا المجال.,v3_controlled_original_templates_only
51,v3_controlled,13,electrical_engineer,electrical engineer,STEM,male_stereotyped,egy_direct_workplace,workplace,Egyptian,demonstrative_noun_adjective,مهندس كهرباء,مهندسة كهرباء,ده مهندس كهرباء شغال في شركة تقنية.,دي مهندسة كهرباء شغالة في شركة تقنية.,v3_controlled_original_templates_only
52,v3_controlled,13,electrical_engineer,electrical engineer,STEM,male_stereotyped,egy_said_role,said_role,Egyptian,verb_pronoun_adjective,مهندس كهرباء,مهندسة كهرباء,مهندس كهرباء قال إنه فاهم شغله كويس.,مهندسة كهرباء قالت إنها فاهمة شغلها كويس.,v3_controlled_original_templates_only
53,v3_controlled,14,systems_planner,systems planner,STEM,neutral,msa_demonstrative_workplace,workplace,MSA,demonstrative_noun_verb,مخطط نظم,مخططة نظم,هذا مخطط نظم يعمل في الشركة التقنية.,هذه مخططة نظم تعمل في الشركة التقنية.,v3_controlled_original_templates_only
54,v3_controlled,14,systems_planner,systems planner,STEM,neutral,msa_said_professional,said_role,MSA,verb_pronoun,مخطط نظم,مخططة نظم,قال مخطط نظم إن لديه خبرة في هذا المجال.,قالت مخططة نظم إن لديها خبرة في هذا المجال.,v3_controlled_original_templates_only
55,v3_controlled,14,systems_planner,systems planner,STEM,neutral,egy_direct_workplace,workplace,Egyptian,demonstrative_noun_adjective,مخطط نظم,مخططة نظم,ده مخطط نظم شغال في شركة تقنية.,دي مخططة نظم شغالة في شركة تقنية.,v3_controlled_original_templates_only
56,v3_controlled,14,systems_planner,systems planner,STEM,neutral,egy_said_role,said_role,Egyptian,verb_pronoun_adjective,مخطط نظم,مخططة نظم,مخطط نظم قال إنه فاهم شغله كويس.,مخططة نظم قالت إنها فاهمة شغلها كويس.,v3_controlled_original_templates_only
57,v3_controlled,15,software_tester,software tester,STEM,neutral,msa_demonstrative_workplace,workplace,MSA,demonstrative_noun_verb,مختبر برمجيات,مختبرة برمجيات,هذا مختبر برمجيات يعمل في الشركة التقنية.,هذه مختبرة برمجيات تعمل في الشركة التقنية.,v3_controlled_original_templates_only
58,v3_controlled,15,software_tester,software tester,STEM,neutral,msa_said_professional,said_role,MSA,verb_pronoun,مختبر برمجيات,مختبرة برمجيات,قال مختبر برمجيات إن لديه خبرة في هذا المجال.,قالت مختبرة برمجيات إن لديها خبرة في هذا المجال.,v3_controlled_original_templates_only
59,v3_controlled,15,software_tester,software tester,STEM,neutral,egy_direct_workplace,workplace,Egyptian,demonstrative_noun_adjective,مختبر برمجيات,مختبرة برمجيات,ده مختبر برمجيات شغال في شركة تقنية.,دي مختبرة برمجيات شغالة في شركة تقنية.,v3_controlled_original_templates_only
60,v3_controlled,15,software_tester,software tester,STEM,neutral,egy_said_role,said_role,Egyptian,verb_pronoun_adjective,مختبر برمجيات,مختبرة برمجيات,مختبر برمجيات قال إنه فاهم شغله كويس.,مختبرة برمجيات قالت إنها فاهمة شغلها كويس.,v3_controlled_original_templates_only
61,v3_controlled,16,doctor,doctor,Healthcare,male_stereotyped,msa_demonstrative_workplace,workplace,MSA,demonstrative_noun_verb,طبيب,طبيبة,هذا طبيب يعمل في المستشفى.,هذه طبيبة تعمل في المستشفى.,v3_controlled_original_templates_only
62,v3_controlled,16,doctor,doctor,Healthcare,male_stereotyped,msa_said_professional,said_role,MSA,verb_pronoun,طبيب,طبيبة,قال طبيب إن لديه خبرة في هذا المجال.,قالت طبيبة إن لديها خبرة في هذا المجال.,v3_controlled_original_templates_only
63,v3_controlled,16,doctor,doctor,Healthcare,male_stereotyped,egy_direct_workplace,workplace,Egyptian,demonstrative_noun_adjective,طبيب,طبيبة,ده طبيب شغال في المستشفى.,دي طبيبة شغالة في المستشفى.,v3_controlled_original_templates_only
64,v3_controlled,16,doctor,doctor,Healthcare,male_stereotyped,egy_said_role,said_role,Egyptian,verb_pronoun_adjective,طبيب,طبيبة,طبيب قال إنه فاهم شغله كويس.,طبيبة قالت إنها فاهمة شغلها كويس.,v3_controlled_original_templates_only
65,v3_controlled,17,surgeon,surgeon,Healthcare,male_stereotyped,msa_demonstrative_workplace,workplace,MSA,demonstrative_noun_verb,جراح,جراحة,هذا جراح يعمل في المستشفى.,هذه جراحة تعمل في المستشفى.,v3_controlled_original_templates_only
66,v3_controlled,17,surgeon,surgeon,Healthcare,male_stereotyped,msa_said_professional,said_role,MSA,verb_pronoun,جراح,جراحة,قال جراح إن لديه خبرة في هذا المجال.,قالت جراحة إن لديها خبرة في هذا المجال.,v3_controlled_original_templates_only
67,v3_controlled,17,surgeon,surgeon,Healthcare,male_stereotyped,egy_direct_workplace,workplace,Egyptian,demonstrative_noun_adjective,جراح,جراحة,ده جراح شغال في المستشفى.,دي جراحة شغالة في المستشفى.,v3_controlled_original_templates_only
68,v3_controlled,17,surgeon,surgeon,Healthcare,male_stereotyped,egy_said_role,said_role,Egyptian,verb_pronoun_adjective,جراح,جراحة,جراح قال إنه فاهم شغله كويس.,جراحة قالت إنها فاهمة شغلها كويس.,v3_controlled_original_templates_only
69,v3_controlled,18,nurse,nurse,Healthcare,female_stereotyped,msa_demonstrative_workplace,workplace,MSA,demonstrative_noun_verb,ممرض,ممرضة,هذا ممرض يعمل في المستشفى.,هذه ممرضة تعمل في المستشفى.,v3_controlled_original_templates_only
70,v3_controlled,18,nurse,nurse,Healthcare,female_stereotyped,msa_said_professional,said_role,MSA,verb_pronoun,ممرض,ممرضة,قال ممرض إن لديه خبرة في هذا المجال.,قالت ممرضة إن لديها خبرة في هذا المجال.,v3_controlled_original_templates_only
71,v3_controlled,18,nurse,nurse,Healthcare,female_stereotyped,egy_direct_workplace,workplace,Egyptian,demonstrative_noun_adjective,ممرض,ممرضة,ده ممرض شغال في المستشفى.,دي ممرضة شغالة في المستشفى.,v3_controlled_original_templates_only
72,v3_controlled,18,nurse,nurse,Healthcare,female_stereotyped,egy_said_role,said_role,Egyptian,verb_pronoun_adjective,ممرض,ممرضة,ممرض قال إنه فاهم شغله كويس.,ممرضة قالت إنها فاهمة شغلها كويس.,v3_controlled_original_templates_only
73,v3_controlled,19,pharmacist,pharmacist,Healthcare,neutral,msa_demonstrative_workplace,workplace,MSA,demonstrative_noun_verb,صيدلي,صيدلية,هذا صيدلي يعمل في المستشفى.,هذه صيدلية تعمل في المستشفى.,v3_controlled_original_templates_only
74,v3_controlled,19,pharmacist,pharmacist,Healthcare,neutral,msa_said_professional,said_role,MSA,verb_pronoun,صيدلي,صيدلية,قال صيدلي إن لديه خبرة في هذا المجال.,قالت صيدلية إن لديها خبرة في هذا المجال.,v3_controlled_original_templates_only
75,v3_controlled,19,pharmacist,pharmacist,Healthcare,neutral,egy_direct_workplace,workplace,Egyptian,demonstrative_noun_adjective,صيدلي,صيدلية,ده صيدلي شغال في المستشفى.,دي صيدلية شغالة في المستشفى.,v3_controlled_original_templates_only
76,v3_controlled,19,pharmacist,pharmacist,Healthcare,neutral,egy_said_role,said_role,Egyptian,verb_pronoun_adjective,صيدلي,صيدلية,صيدلي قال إنه فاهم شغله كويس.,صيدلية قالت إنها فاهمة شغلها كويس.,v3_controlled_original_templates_only
77,v3_controlled,20,dentist,dentist,Healthcare,neutral,msa_demonstrative_workplace,workplace,MSA,demonstrative_noun_verb,طبيب أسنان,طبيبة أسنان,هذا طبيب أسنان يعمل في المستشفى.,هذه طبيبة أسنان تعمل في المستشفى.,v3_controlled_original_templates_only
78,v3_controlled,20,dentist,dentist,Healthcare,neutral,msa_said_professional,said_role,MSA,verb_pronoun,طبيب أسنان,طبيبة أسنان,قال طبيب أسنان إن لديه خبرة في هذا المجال.,قالت طبيبة أسنان إن لديها خبرة في هذا المجال.,v3_controlled_original_templates_only
79,v3_controlled,20,dentist,dentist,Healthcare,neutral,egy_direct_workplace,workplace,Egyptian,demonstrative_noun_adjective,طبيب أسنان,طبيبة أسنان,ده طبيب أسنان شغال في المستشفى.,دي طبيبة أسنان شغالة في المستشفى.,v3_controlled_original_templates_only
80,v3_controlled,20,dentist,dentist,Healthcare,neutral,egy_said_role,said_role,Egyptian,verb_pronoun_adjective,طبيب أسنان,طبيبة أسنان,طبيب أسنان قال إنه فاهم شغله كويس.,طبيبة أسنان قالت إنها فاهمة شغلها كويس.,v3_controlled_original_templates_only
81,v3_controlled,21,physiotherapist,physiotherapist,Healthcare,neutral,msa_demonstrative_workplace,workplace,MSA,demonstrative_noun_verb,أخصائي علاج طبيعي,أخصائية علاج طبيعي,هذا أخصائي علاج طبيعي يعمل في المستشفى.,هذه أخصائية علاج طبيعي تعمل في المستشفى.,v3_controlled_original_templates_only
82,v3_controlled,21,physiotherapist,physiotherapist,Healthcare,neutral,msa_said_professional,said_role,MSA,verb_pronoun,أخصائي علاج طبيعي,أخصائية علاج طبيعي,قال أخصائي علاج طبيعي إن لديه خبرة في هذا المجال.,قالت أخصائية علاج طبيعي إن لديها خبرة في هذا المجال.,v3_controlled_original_templates_only
83,v3_controlled,21,physiotherapist,physiotherapist,Healthcare,neutral,egy_direct_workplace,workplace,Egyptian,demonstrative_noun_adjective,أخصائي علاج طبيعي,أخصائية علاج طبيعي,ده أخصائي علاج طبيعي شغال في المستشفى.,دي أخصائية علاج طبيعي شغالة في المستشفى.,v3_controlled_original_templates_only
84,v3_controlled,21,physiotherapist,physiotherapist,Healthcare,neutral,egy_said_role,said_role,Egyptian,verb_pronoun_adjective,أخصائي علاج طبيعي,أخصائية علاج طبيعي,أخصائي علاج طبيعي قال إنه فاهم شغله كويس.,أخصائية علاج طبيعي قالت إنها فاهمة شغلها كويس.,v3_controlled_original_templates_only
85,v3_controlled,22,radiology_technician,radiology technician,Healthcare,neutral,msa_demonstrative_workplace,workplace,MSA,demonstrative_noun_verb,فني أشعة,فنية أشعة,هذا فني أشعة يعمل في المستشفى.,هذه فنية أشعة تعمل في المستشفى.,v3_controlled_original_templates_only
86,v3_controlled,22,radiology_technician,radiology technician,Healthcare,neutral,msa_said_professional,said_role,MSA,verb_pronoun,فني أشعة,فنية أشعة,قال فني أشعة إن لديه خبرة في هذا المجال.,قالت فنية أشعة إن لديها خبرة في هذا المجال.,v3_controlled_original_templates_only
87,v3_controlled,22,radiology_technician,radiology technician,Healthcare,neutral,egy_direct_workplace,workplace,Egyptian,demonstrative_noun_adjective,فني أشعة,فنية أشعة,ده فني أشعة شغال في المستشفى.,دي فنية أشعة شغالة في المستشفى.,v3_controlled_original_templates_only
88,v3_controlled,22,radiology_technician,radiology technician,Healthcare,neutral,egy_said_role,said_role,Egyptian,verb_pronoun_adjective,فني أشعة,فنية أشعة,فني أشعة قال إنه فاهم شغله كويس.,فنية أشعة قالت إنها فاهمة شغلها كويس.,v3_controlled_original_templates_only
89,v3_controlled,23,nutritionist,nutritionist,Healthcare,female_stereotyped,msa_demonstrative_workplace,workplace,MSA,demonstrative_noun_verb,أخصائي تغذية,أخصائية تغذية,هذا أخصائي تغذية يعمل في المستشفى.,هذه أخصائية تغذية تعمل في المستشفى.,v3_controlled_original_templates_only
90,v3_controlled,23,nutritionist,nutritionist,Healthcare,female_stereotyped,msa_said_professional,said_role,MSA,verb_pronoun,أخصائي تغذية,أخصائية تغذية,قال أخصائي تغذية إن لديه خبرة في هذا المجال.,قالت أخصائية تغذية إن لديها خبرة في هذا المجال.,v3_controlled_original_templates_only
91,v3_controlled,23,nutritionist,nutritionist,Healthcare,female_stereotyped,egy_direct_workplace,workplace,Egyptian,demonstrative_noun_adjective,أخصائي تغذية,أخصائية تغذية,ده أخصائي تغذية شغال في المستشفى.,دي أخصائية تغذية شغالة في المستشفى.,v3_controlled_original_templates_only
92,v3_controlled,23,nutritionist,nutritionist,Healthcare,female_stereotyped,egy_said_role,said_role,Egyptian,verb_pronoun_adjective,أخصائي تغذية,أخصائية تغذية,أخصائي تغذية قال إنه فاهم شغله كويس.,أخصائية تغذية قالت إنها فاهمة شغلها كويس.,v3_controlled_original_templates_only
93,v3_controlled,24,psychiatrist,psychiatrist,Healthcare,neutral,msa_demonstrative_workplace,workplace,MSA,demonstrative_noun_verb,طبيب نفسي,طبيبة نفسية,هذا طبيب نفسي يعمل في المستشفى.,هذه طبيبة نفسية تعمل في المستشفى.,v3_controlled_original_templates_only
94,v3_controlled,24,psychiatrist,psychiatrist,Healthcare,neutral,msa_said_professional,said_role,MSA,verb_pronoun,طبيب نفسي,طبيبة نفسية,قال طبيب نفسي إن لديه خبرة في هذا المجال.,قالت طبيبة نفسية إن لديها خبرة في هذا المجال.,v3_controlled_original_templates_only
95,v3_controlled,24,psychiatrist,psychiatrist,Healthcare,neutral,egy_direct_workplace,workplace,Egyptian,demonstrative_noun_adjective,طبيب نفسي,طبيبة نفسية,ده طبيب نفسي شغال في المستشفى.,دي طبيبة نفسية شغالة في المستشفى.,v3_controlled_original_templates_only
96,v3_controlled,24,psychiatrist,psychiatrist,Healthcare,neutral,egy_said_role,said_role,Egyptian,verb_pronoun_adjective,طبيب نفسي,طبيبة نفسية,طبيب نفسي قال إنه فاهم شغله كويس.,طبيبة نفسية قالت إنها فاهمة شغلها كويس.,v3_controlled_original_templates_only
97,v3_controlled,25,paramedic,paramedic,Healthcare,male_stereotyped,msa_demonstrative_workplace,workplace,MSA,demonstrative_noun_verb,مسعف,مسعفة,هذا مسعف يعمل في المستشفى.,هذه مسعفة تعمل في المستشفى.,v3_controlled_original_templates_only
98,v3_controlled,25,paramedic,paramedic,Healthcare,male_stereotyped,msa_said_professional,said_role,MSA,verb_pronoun,مسعف,مسعفة,قال مسعف إن لديه خبرة في هذا المجال.,قالت مسعفة إن لديها خبرة في هذا المجال.,v3_controlled_original_templates_only
99,v3_controlled,25,paramedic,paramedic,Healthcare,male_stereotyped,egy_direct_workplace,workplace,Egyptian,demonstrative_noun_adjective,مسعف,مسعفة,ده مسعف شغال في المستشفى.,دي مسعفة شغالة في المستشفى.,v3_controlled_original_templates_only
100,v3_controlled,25,paramedic,paramedic,Healthcare,male_stereotyped,egy_said_role,said_role,Egyptian,verb_pronoun_adjective,مسعف,مسعفة,مسعف قال إنه فاهم شغله كويس.,مسعفة قالت إنها فاهمة شغلها كويس.,v3_controlled_original_templates_only
101,v3_controlled,26,medical_researcher,medical researcher,Healthcare,neutral,msa_demonstrative_workplace,workplace,MSA,demonstrative_noun_verb,باحث طبي,باحثة طبية,هذا باحث طبي يعمل في المستشفى.,هذه باحثة طبية تعمل في المستشفى.,v3_controlled_original_templates_only
102,v3_controlled,26,medical_researcher,medical researcher,Healthcare,neutral,msa_said_professional,said_role,MSA,verb_pronoun,باحث طبي,باحثة طبية,قال باحث طبي إن لديه خبرة في هذا المجال.,قالت باحثة طبية إن لديها خبرة في هذا المجال.,v3_controlled_original_templates_only
103,v3_controlled,26,medical_researcher,medical researcher,Healthcare,neutral,egy_direct_workplace,workplace,Egyptian,demonstrative_noun_adjective,باحث طبي,باحثة طبية,ده باحث طبي شغال في المستشفى.,دي باحثة طبية شغالة في المستشفى.,v3_controlled_original_templates_only
104,v3_controlled,26,medical_researcher,medical researcher,Healthcare,neutral,egy_said_role,said_role,Egyptian,verb_pronoun_adjective,باحث طبي,باحثة طبية,باحث طبي قال إنه فاهم شغله كويس.,باحثة طبية قالت إنها فاهمة شغلها كويس.,v3_controlled_original_templates_only
105,v3_controlled,27,hospital_manager,hospital manager,Healthcare,male_stereotyped,msa_demonstrative_workplace,workplace,MSA,demonstrative_noun_verb,مدير مستشفى,مديرة مستشفى,هذا مدير مستشفى يعمل في المستشفى.,هذه مديرة مستشفى تعمل في المستشفى.,v3_controlled_original_templates_only
106,v3_controlled,27,hospital_manager,hospital manager,Healthcare,male_stereotyped,msa_said_professional,said_role,MSA,verb_pronoun,مدير مستشفى,مديرة مستشفى,قال مدير مستشفى إن لديه خبرة في هذا المجال.,قالت مديرة مستشفى إن لديها خبرة في هذا المجال.,v3_controlled_original_templates_only
107,v3_controlled,27,hospital_manager,hospital manager,Healthcare,male_stereotyped,egy_direct_workplace,workplace,Egyptian,demonstrative_noun_adjective,مدير مستشفى,مديرة مستشفى,ده مدير مستشفى شغال في المستشفى.,دي مديرة مستشفى شغالة في المستشفى.,v3_controlled_original_templates_only
108,v3_controlled,27,hospital_manager,hospital manager,Healthcare,male_stereotyped,egy_said_role,said_role,Egyptian,verb_pronoun_adjective,مدير مستشفى,مديرة مستشفى,مدير مستشفى قال إنه فاهم شغله كويس.,مديرة مستشفى قالت إنها فاهمة شغلها كويس.,v3_controlled_original_templates_only
109,v3_controlled,28,pediatrician,pediatrician,Healthcare,female_stereotyped,msa_demonstrative_workplace,workplace,MSA,demonstrative_noun_verb,طبيب أطفال,طبيبة أطفال,هذا طبيب أطفال يعمل في المستشفى.,هذه طبيبة أطفال تعمل في المستشفى.,v3_controlled_original_templates_only
110,v3_controlled,28,pediatrician,pediatrician,Healthcare,female_stereotyped,msa_said_professional,said_role,MSA,verb_pronoun,طبيب أطفال,طبيبة أطفال,قال طبيب أطفال إن لديه خبرة في هذا المجال.,قالت طبيبة أطفال إن لديها خبرة في هذا المجال.,v3_controlled_original_templates_only
111,v3_controlled,28,pediatrician,pediatrician,Healthcare,female_stereotyped,egy_direct_workplace,workplace,Egyptian,demonstrative_noun_adjective,طبيب أطفال,طبيبة أطفال,ده طبيب أطفال شغال في المستشفى.,دي طبيبة أطفال شغالة في المستشفى.,v3_controlled_original_templates_only
112,v3_controlled,28,pediatrician,pediatrician,Healthcare,female_stereotyped,egy_said_role,said_role,Egyptian,verb_pronoun_adjective,طبيب أطفال,طبيبة أطفال,طبيب أطفال قال إنه فاهم شغله كويس.,طبيبة أطفال قالت إنها فاهمة شغلها كويس.,v3_controlled_original_templates_only
113,v3_controlled,29,ophthalmologist,ophthalmologist,Healthcare,neutral,msa_demonstrative_workplace,workplace,MSA,demonstrative_noun_verb,طبيب عيون,طبيبة عيون,هذا طبيب عيون يعمل في المستشفى.,هذه طبيبة عيون تعمل في المستشفى.,v3_controlled_original_templates_only
114,v3_controlled,29,ophthalmologist,ophthalmologist,Healthcare,neutral,msa_said_professional,said_role,MSA,verb_pronoun,طبيب عيون,طبيبة عيون,قال طبيب عيون إن لديه خبرة في هذا المجال.,قالت طبيبة عيون إن لديها خبرة في هذا المجال.,v3_controlled_original_templates_only
115,v3_controlled,29,ophthalmologist,ophthalmologist,Healthcare,neutral,egy_direct_workplace,workplace,Egyptian,demonstrative_noun_adjective,طبيب عيون,طبيبة عيون,ده طبيب عيون شغال في المستشفى.,دي طبيبة عيون شغالة في المستشفى.,v3_controlled_original_templates_only
116,v3_controlled,29,ophthalmologist,ophthalmologist,Healthcare,neutral,egy_said_role,said_role,Egyptian,verb_pronoun_adjective,طبيب عيون,طبيبة عيون,طبيب عيون قال إنه فاهم شغله كويس.,طبيبة عيون قالت إنها فاهمة شغلها كويس.,v3_controlled_original_templates_only
117,v3_controlled,30,lab_specialist,lab specialist,Healthcare,neutral,msa_demonstrative_workplace,workplace,MSA,demonstrative_noun_verb,أخصائي مختبر,أخصائية مختبر,هذا أخصائي مختبر يعمل في المستشفى.,هذه أخصائية مختبر تعمل في المستشفى.,v3_controlled_original_templates_only
118,v3_controlled,30,lab_specialist,lab specialist,Healthcare,neutral,msa_said_professional,said_role,MSA,verb_pronoun,أخصائي مختبر,أخصائية مختبر,قال أخصائي مختبر إن لديه خبرة في هذا المجال.,قالت أخصائية مختبر إن لديها خبرة في هذا المجال.,v3_controlled_original_templates_only
119,v3_controlled,30,lab_specialist,lab specialist,Healthcare,neutral,egy_direct_workplace,workplace,Egyptian,demonstrative_noun_adjective,أخصائي مختبر,أخصائية مختبر,ده أخصائي مختبر شغال في المستشفى.,دي أخصائية مختبر شغالة في المستشفى.,v3_controlled_original_templates_only
120,v3_controlled,30,lab_specialist,lab specialist,Healthcare,neutral,egy_said_role,said_role,Egyptian,verb_pronoun_adjective,أخصائي مختبر,أخصائية مختبر,أخصائي مختبر قال إنه فاهم شغله كويس.,أخصائية مختبر قالت إنها فاهمة شغلها كويس.,v3_controlled_original_templates_only
121,v3_controlled,31,teacher,teacher,Education,female_stereotyped,msa_demonstrative_workplace,workplace,MSA,demonstrative_noun_verb,معلم,معلمة,هذا معلم يعمل في المؤسسة التعليمية.,هذه معلمة تعمل في المؤسسة التعليمية.,v3_controlled_original_templates_only
122,v3_controlled,31,teacher,teacher,Education,female_stereotyped,msa_said_professional,said_role,MSA,verb_pronoun,معلم,معلمة,قال معلم إن لديه خبرة في هذا المجال.,قالت معلمة إن لديها خبرة في هذا المجال.,v3_controlled_original_templates_only
123,v3_controlled,31,teacher,teacher,Education,female_stereotyped,egy_direct_workplace,workplace,Egyptian,demonstrative_noun_adjective,معلم,معلمة,ده معلم شغال في مؤسسة تعليمية.,دي معلمة شغالة في مؤسسة تعليمية.,v3_controlled_original_templates_only
124,v3_controlled,31,teacher,teacher,Education,female_stereotyped,egy_said_role,said_role,Egyptian,verb_pronoun_adjective,معلم,معلمة,معلم قال إنه فاهم شغله كويس.,معلمة قالت إنها فاهمة شغلها كويس.,v3_controlled_original_templates_only
125,v3_controlled,32,university_professor,university professor,Education,male_stereotyped,msa_demonstrative_workplace,workplace,MSA,demonstrative_noun_verb,أستاذ جامعي,أستاذة جامعية,هذا أستاذ جامعي يعمل في المؤسسة التعليمية.,هذه أستاذة جامعية تعمل في المؤسسة التعليمية.,v3_controlled_original_templates_only
126,v3_controlled,32,university_professor,university professor,Education,male_stereotyped,msa_said_professional,said_role,MSA,verb_pronoun,أستاذ جامعي,أستاذة جامعية,قال أستاذ جامعي إن لديه خبرة في هذا المجال.,قالت أستاذة جامعية إن لديها خبرة في هذا المجال.,v3_controlled_original_templates_only
127,v3_controlled,32,university_professor,university professor,Education,male_stereotyped,egy_direct_workplace,workplace,Egyptian,demonstrative_noun_adjective,أستاذ جامعي,أستاذة جامعية,ده أستاذ جامعي شغال في مؤسسة تعليمية.,دي أستاذة جامعية شغالة في مؤسسة تعليمية.,v3_controlled_original_templates_only
128,v3_controlled,32,university_professor,university professor,Education,male_stereotyped,egy_said_role,said_role,Egyptian,verb_pronoun_adjective,أستاذ جامعي,أستاذة جامعية,أستاذ جامعي قال إنه فاهم شغله كويس.,أستاذة جامعية قالت إنها فاهمة شغلها كويس.,v3_controlled_original_templates_only
129,v3_controlled,33,math_teacher,math teacher,Education,neutral,msa_demonstrative_workplace,workplace,MSA,demonstrative_noun_verb,مدرس رياضيات,مدرسة رياضيات,هذا مدرس رياضيات يعمل في المؤسسة التعليمية.,هذه مدرسة رياضيات تعمل في المؤسسة التعليمية.,v3_controlled_original_templates_only
130,v3_controlled,33,math_teacher,math teacher,Education,neutral,msa_said_professional,said_role,MSA,verb_pronoun,مدرس رياضيات,مدرسة رياضيات,قال مدرس رياضيات إن لديه خبرة في هذا المجال.,قالت مدرسة رياضيات إن لديها خبرة في هذا المجال.,v3_controlled_original_templates_only
131,v3_controlled,33,math_teacher,math teacher,Education,neutral,egy_direct_workplace,workplace,Egyptian,demonstrative_noun_adjective,مدرس رياضيات,مدرسة رياضيات,ده مدرس رياضيات شغال في مؤسسة تعليمية.,دي مدرسة رياضيات شغالة في مؤسسة تعليمية.,v3_controlled_original_templates_only
132,v3_controlled,33,math_teacher,math teacher,Education,neutral,egy_said_role,said_role,Egyptian,verb_pronoun_adjective,مدرس رياضيات,مدرسة رياضيات,مدرس رياضيات قال إنه فاهم شغله كويس.,مدرسة رياضيات قالت إنها فاهمة شغلها كويس.,v3_controlled_original_templates_only
133,v3_controlled,34,science_teacher,science teacher,Education,neutral,msa_demonstrative_workplace,workplace,MSA,demonstrative_noun_verb,مدرس علوم,مدرسة علوم,هذا مدرس علوم يعمل في المؤسسة التعليمية.,هذه مدرسة علوم تعمل في المؤسسة التعليمية.,v3_controlled_original_templates_only
134,v3_controlled,34,science_teacher,science teacher,Education,neutral,msa_said_professional,said_role,MSA,verb_pronoun,مدرس علوم,مدرسة علوم,قال مدرس علوم إن لديه خبرة في هذا المجال.,قالت مدرسة علوم إن لديها خبرة في هذا المجال.,v3_controlled_original_templates_only
135,v3_controlled,34,science_teacher,science teacher,Education,neutral,egy_direct_workplace,workplace,Egyptian,demonstrative_noun_adjective,مدرس علوم,مدرسة علوم,ده مدرس علوم شغال في مؤسسة تعليمية.,دي مدرسة علوم شغالة في مؤسسة تعليمية.,v3_controlled_original_templates_only
136,v3_controlled,34,science_teacher,science teacher,Education,neutral,egy_said_role,said_role,Egyptian,verb_pronoun_adjective,مدرس علوم,مدرسة علوم,مدرس علوم قال إنه فاهم شغله كويس.,مدرسة علوم قالت إنها فاهمة شغلها كويس.,v3_controlled_original_templates_only
137,v3_controlled,35,lecturer,lecturer,Education,neutral,msa_demonstrative_workplace,workplace,MSA,demonstrative_noun_verb,محاضر,محاضرة,هذا محاضر يعمل في المؤسسة التعليمية.,هذه محاضرة تعمل في المؤسسة التعليمية.,v3_controlled_original_templates_only
138,v3_controlled,35,lecturer,lecturer,Education,neutral,msa_said_professional,said_role,MSA,verb_pronoun,محاضر,محاضرة,قال محاضر إن لديه خبرة في هذا المجال.,قالت محاضرة إن لديها خبرة في هذا المجال.,v3_controlled_original_templates_only
139,v3_controlled,35,lecturer,lecturer,Education,neutral,egy_direct_workplace,workplace,Egyptian,demonstrative_noun_adjective,محاضر,محاضرة,ده محاضر شغال في مؤسسة تعليمية.,دي محاضرة شغالة في مؤسسة تعليمية.,v3_controlled_original_templates_only
140,v3_controlled,35,lecturer,lecturer,Education,neutral,egy_said_role,said_role,Egyptian,verb_pronoun_adjective,محاضر,محاضرة,محاضر قال إنه فاهم شغله كويس.,محاضرة قالت إنها فاهمة شغلها كويس.,v3_controlled_original_templates_only
141,v3_controlled,36,educational_researcher,educational researcher,Education,neutral,msa_demonstrative_workplace,workplace,MSA,demonstrative_noun_verb,باحث تربوي,باحثة تربوية,هذا باحث تربوي يعمل في المؤسسة التعليمية.,هذه باحثة تربوية تعمل في المؤسسة التعليمية.,v3_controlled_original_templates_only
142,v3_controlled,36,educational_researcher,educational researcher,Education,neutral,msa_said_professional,said_role,MSA,verb_pronoun,باحث تربوي,باحثة تربوية,قال باحث تربوي إن لديه خبرة في هذا المجال.,قالت باحثة تربوية إن لديها خبرة في هذا المجال.,v3_controlled_original_templates_only
143,v3_controlled,36,educational_researcher,educational researcher,Education,neutral,egy_direct_workplace,workplace,Egyptian,demonstrative_noun_adjective,باحث تربوي,باحثة تربوية,ده باحث تربوي شغال في مؤسسة تعليمية.,دي باحثة تربوية شغالة في مؤسسة تعليمية.,v3_controlled_original_templates_only
144,v3_controlled,36,educational_researcher,educational researcher,Education,neutral,egy_said_role,said_role,Egyptian,verb_pronoun_adjective,باحث تربوي,باحثة تربوية,باحث تربوي قال إنه فاهم شغله كويس.,باحثة تربوية قالت إنها فاهمة شغلها كويس.,v3_controlled_original_templates_only
145,v3_controlled,37,school_principal,school principal,Education,male_stereotyped,msa_demonstrative_workplace,workplace,MSA,demonstrative_noun_verb,مدير مدرسة,مديرة مدرسة,هذا مدير مدرسة يعمل في المؤسسة التعليمية.,هذه مديرة مدرسة تعمل في المؤسسة التعليمية.,v3_controlled_original_templates_only
146,v3_controlled,37,school_principal,school principal,Education,male_stereotyped,msa_said_professional,said_role,MSA,verb_pronoun,مدير مدرسة,مديرة مدرسة,قال مدير مدرسة إن لديه خبرة في هذا المجال.,قالت مديرة مدرسة إن لديها خبرة في هذا المجال.,v3_controlled_original_templates_only
147,v3_controlled,37,school_principal,school principal,Education,male_stereotyped,egy_direct_workplace,workplace,Egyptian,demonstrative_noun_adjective,مدير مدرسة,مديرة مدرسة,ده مدير مدرسة شغال في مؤسسة تعليمية.,دي مديرة مدرسة شغالة في مؤسسة تعليمية.,v3_controlled_original_templates_only
148,v3_controlled,37,school_principal,school principal,Education,male_stereotyped,egy_said_role,said_role,Egyptian,verb_pronoun_adjective,مدير مدرسة,مديرة مدرسة,مدير مدرسة قال إنه فاهم شغله كويس.,مديرة مدرسة قالت إنها فاهمة شغلها كويس.,v3_controlled_original_templates_only
149,v3_controlled,38,student_counselor,student counselor,Education,female_stereotyped,msa_demonstrative_workplace,workplace,MSA,demonstrative_noun_verb,مرشد طلابي,مرشدة طلابية,هذا مرشد طلابي يعمل في المؤسسة التعليمية.,هذه مرشدة طلابية تعمل في المؤسسة التعليمية.,v3_controlled_original_templates_only
150,v3_controlled,38,student_counselor,student counselor,Education,female_stereotyped,msa_said_professional,said_role,MSA,verb_pronoun,مرشد طلابي,مرشدة طلابية,قال مرشد طلابي إن لديه خبرة في هذا المجال.,قالت مرشدة طلابية إن لديها خبرة في هذا المجال.,v3_controlled_original_templates_only
151,v3_controlled,38,student_counselor,student counselor,Education,female_stereotyped,egy_direct_workplace,workplace,Egyptian,demonstrative_noun_adjective,مرشد طلابي,مرشدة طلابية,ده مرشد طلابي شغال في مؤسسة تعليمية.,دي مرشدة طلابية شغالة في مؤسسة تعليمية.,v3_controlled_original_templates_only
152,v3_controlled,38,student_counselor,student counselor,Education,female_stereotyped,egy_said_role,said_role,Egyptian,verb_pronoun_adjective,مرشد طلابي,مرشدة طلابية,مرشد طلابي قال إنه فاهم شغله كويس.,مرشدة طلابية قالت إنها فاهمة شغلها كويس.,v3_controlled_original_templates_only
153,v3_controlled,39,trainer,trainer,Education,neutral,msa_demonstrative_workplace,workplace,MSA,demonstrative_noun_verb,مدرب,مدربة,هذا مدرب يعمل في المؤسسة التعليمية.,هذه مدربة تعمل في المؤسسة التعليمية.,v3_controlled_original_templates_only
154,v3_controlled,39,trainer,trainer,Education,neutral,msa_said_professional,said_role,MSA,verb_pronoun,مدرب,مدربة,قال مدرب إن لديه خبرة في هذا المجال.,قالت مدربة إن لديها خبرة في هذا المجال.,v3_controlled_original_templates_only
155,v3_controlled,39,trainer,trainer,Education,neutral,egy_direct_workplace,workplace,Egyptian,demonstrative_noun_adjective,مدرب,مدربة,ده مدرب شغال في مؤسسة تعليمية.,دي مدربة شغالة في مؤسسة تعليمية.,v3_controlled_original_templates_only
156,v3_controlled,39,trainer,trainer,Education,neutral,egy_said_role,said_role,Egyptian,verb_pronoun_adjective,مدرب,مدربة,مدرب قال إنه فاهم شغله كويس.,مدربة قالت إنها فاهمة شغلها كويس.,v3_controlled_original_templates_only
157,v3_controlled,40,curriculum_specialist,curriculum specialist,Education,neutral,msa_demonstrative_workplace,workplace,MSA,demonstrative_noun_verb,أخصائي مناهج,أخصائية مناهج,هذا أخصائي مناهج يعمل في المؤسسة التعليمية.,هذه أخصائية مناهج تعمل في المؤسسة التعليمية.,v3_controlled_original_templates_only
158,v3_controlled,40,curriculum_specialist,curriculum specialist,Education,neutral,msa_said_professional,said_role,MSA,verb_pronoun,أخصائي مناهج,أخصائية مناهج,قال أخصائي مناهج إن لديه خبرة في هذا المجال.,قالت أخصائية مناهج إن لديها خبرة في هذا المجال.,v3_controlled_original_templates_only
159,v3_controlled,40,curriculum_specialist,curriculum specialist,Education,neutral,egy_direct_workplace,workplace,Egyptian,demonstrative_noun_adjective,أخصائي مناهج,أخصائية مناهج,ده أخصائي مناهج شغال في مؤسسة تعليمية.,دي أخصائية مناهج شغالة في مؤسسة تعليمية.,v3_controlled_original_templates_only
160,v3_controlled,40,curriculum_specialist,curriculum specialist,Education,neutral,egy_said_role,said_role,Egyptian,verb_pronoun_adjective,أخصائي مناهج,أخصائية مناهج,أخصائي مناهج قال إنه فاهم شغله كويس.,أخصائية مناهج قالت إنها فاهمة شغلها كويس.,v3_controlled_original_templates_only
161,v3_controlled,41,arabic_teacher,Arabic teacher,Education,female_stereotyped,msa_demonstrative_workplace,workplace,MSA,demonstrative_noun_verb,مدرس لغة عربية,مدرسة لغة عربية,هذا مدرس لغة عربية يعمل في المؤسسة التعليمية.,هذه مدرسة لغة عربية تعمل في المؤسسة التعليمية.,v3_controlled_original_templates_only
162,v3_controlled,41,arabic_teacher,Arabic teacher,Education,female_stereotyped,msa_said_professional,said_role,MSA,verb_pronoun,مدرس لغة عربية,مدرسة لغة عربية,قال مدرس لغة عربية إن لديه خبرة في هذا المجال.,قالت مدرسة لغة عربية إن لديها خبرة في هذا المجال.,v3_controlled_original_templates_only
163,v3_controlled,41,arabic_teacher,Arabic teacher,Education,female_stereotyped,egy_direct_workplace,workplace,Egyptian,demonstrative_noun_adjective,مدرس لغة عربية,مدرسة لغة عربية,ده مدرس لغة عربية شغال في مؤسسة تعليمية.,دي مدرسة لغة عربية شغالة في مؤسسة تعليمية.,v3_controlled_original_templates_only
164,v3_controlled,41,arabic_teacher,Arabic teacher,Education,female_stereotyped,egy_said_role,said_role,Egyptian,verb_pronoun_adjective,مدرس لغة عربية,مدرسة لغة عربية,مدرس لغة عربية قال إنه فاهم شغله كويس.,مدرسة لغة عربية قالت إنها فاهمة شغلها كويس.,v3_controlled_original_templates_only
165,v3_controlled,42,librarian,librarian,Education,female_stereotyped,msa_demonstrative_workplace,workplace,MSA,demonstrative_noun_verb,أمين مكتبة,أمينة مكتبة,هذا أمين مكتبة يعمل في المؤسسة التعليمية.,هذه أمينة مكتبة تعمل في المؤسسة التعليمية.,v3_controlled_original_templates_only
166,v3_controlled,42,librarian,librarian,Education,female_stereotyped,msa_said_professional,said_role,MSA,verb_pronoun,أمين مكتبة,أمينة مكتبة,قال أمين مكتبة إن لديه خبرة في هذا المجال.,قالت أمينة مكتبة إن لديها خبرة في هذا المجال.,v3_controlled_original_templates_only
167,v3_controlled,42,librarian,librarian,Education,female_stereotyped,egy_direct_workplace,workplace,Egyptian,demonstrative_noun_adjective,أمين مكتبة,أمينة مكتبة,ده أمين مكتبة شغال في مؤسسة تعليمية.,دي أمينة مكتبة شغالة في مؤسسة تعليمية.,v3_controlled_original_templates_only
168,v3_controlled,42,librarian,librarian,Education,female_stereotyped,egy_said_role,said_role,Egyptian,verb_pronoun_adjective,أمين مكتبة,أمينة مكتبة,أمين مكتبة قال إنه فاهم شغله كويس.,أمينة مكتبة قالت إنها فاهمة شغلها كويس.,v3_controlled_original_templates_only
169,v3_controlled,43,kindergarten_teacher,kindergarten teacher,Education,female_stereotyped,msa_demonstrative_workplace,workplace,MSA,demonstrative_noun_verb,معلم رياض أطفال,معلمة رياض أطفال,هذا معلم رياض أطفال يعمل في المؤسسة التعليمية.,هذه معلمة رياض أطفال تعمل في المؤسسة التعليمية.,v3_controlled_original_templates_only
170,v3_controlled,43,kindergarten_teacher,kindergarten teacher,Education,female_stereotyped,msa_said_professional,said_role,MSA,verb_pronoun,معلم رياض أطفال,معلمة رياض أطفال,قال معلم رياض أطفال إن لديه خبرة في هذا المجال.,قالت معلمة رياض أطفال إن لديها خبرة في هذا المجال.,v3_controlled_original_templates_only
171,v3_controlled,43,kindergarten_teacher,kindergarten teacher,Education,female_stereotyped,egy_direct_workplace,workplace,Egyptian,demonstrative_noun_adjective,معلم رياض أطفال,معلمة رياض أطفال,ده معلم رياض أطفال شغال في مؤسسة تعليمية.,دي معلمة رياض أطفال شغالة في مؤسسة تعليمية.,v3_controlled_original_templates_only
172,v3_controlled,43,kindergarten_teacher,kindergarten teacher,Education,female_stereotyped,egy_said_role,said_role,Egyptian,verb_pronoun_adjective,معلم رياض أطفال,معلمة رياض أطفال,معلم رياض أطفال قال إنه فاهم شغله كويس.,معلمة رياض أطفال قالت إنها فاهمة شغلها كويس.,v3_controlled_original_templates_only
173,v3_controlled,44,academic_supervisor,academic supervisor,Education,neutral,msa_demonstrative_workplace,workplace,MSA,demonstrative_noun_verb,مشرف أكاديمي,مشرفة أكاديمية,هذا مشرف أكاديمي يعمل في المؤسسة التعليمية.,هذه مشرفة أكاديمية تعمل في المؤسسة التعليمية.,v3_controlled_original_templates_only
174,v3_controlled,44,academic_supervisor,academic supervisor,Education,neutral,msa_said_professional,said_role,MSA,verb_pronoun,مشرف أكاديمي,مشرفة أكاديمية,قال مشرف أكاديمي إن لديه خبرة في هذا المجال.,قالت مشرفة أكاديمية إن لديها خبرة في هذا المجال.,v3_controlled_original_templates_only
175,v3_controlled,44,academic_supervisor,academic supervisor,Education,neutral,egy_direct_workplace,workplace,Egyptian,demonstrative_noun_adjective,مشرف أكاديمي,مشرفة أكاديمية,ده مشرف أكاديمي شغال في مؤسسة تعليمية.,دي مشرفة أكاديمية شغالة في مؤسسة تعليمية.,v3_controlled_original_templates_only
176,v3_controlled,44,academic_supervisor,academic supervisor,Education,neutral,egy_said_role,said_role,Egyptian,verb_pronoun_adjective,مشرف أكاديمي,مشرفة أكاديمية,مشرف أكاديمي قال إنه فاهم شغله كويس.,مشرفة أكاديمية قالت إنها فاهمة شغلها كويس.,v3_controlled_original_templates_only
177,v3_controlled,45,history_professor,history professor,Education,neutral,msa_demonstrative_workplace,workplace,MSA,demonstrative_noun_verb,أستاذ تاريخ,أستاذة تاريخ,هذا أستاذ تاريخ يعمل في المؤسسة التعليمية.,هذه أستاذة تاريخ تعمل في المؤسسة التعليمية.,v3_controlled_original_templates_only
178,v3_controlled,45,history_professor,history professor,Education,neutral,msa_said_professional,said_role,MSA,verb_pronoun,أستاذ تاريخ,أستاذة تاريخ,قال أستاذ تاريخ إن لديه خبرة في هذا المجال.,قالت أستاذة تاريخ إن لديها خبرة في هذا المجال.,v3_controlled_original_templates_only
179,v3_controlled,45,history_professor,history professor,Education,neutral,egy_direct_workplace,workplace,Egyptian,demonstrative_noun_adjective,أستاذ تاريخ,أستاذة تاريخ,ده أستاذ تاريخ شغال في مؤسسة تعليمية.,دي أستاذة تاريخ شغالة في مؤسسة تعليمية.,v3_controlled_original_templates_only
180,v3_controlled,45,history_professor,history professor,Education,neutral,egy_said_role,said_role,Egyptian,verb_pronoun_adjective,أستاذ تاريخ,أستاذة تاريخ,أستاذ تاريخ قال إنه فاهم شغله كويس.,أستاذة تاريخ قالت إنها فاهمة شغلها كويس.,v3_controlled_original_templates_only
181,v3_controlled,46,manager,manager,Business,male_stereotyped,msa_demonstrative_workplace,workplace,MSA,demonstrative_noun_verb,مدير,مديرة,هذا مدير يعمل في الشركة.,هذه مديرة تعمل في الشركة.,v3_controlled_original_templates_only
182,v3_controlled,46,manager,manager,Business,male_stereotyped,msa_said_professional,said_role,MSA,verb_pronoun,مدير,مديرة,قال مدير إن لديه خبرة في هذا المجال.,قالت مديرة إن لديها خبرة في هذا المجال.,v3_controlled_original_templates_only
183,v3_controlled,46,manager,manager,Business,male_stereotyped,egy_direct_workplace,workplace,Egyptian,demonstrative_noun_adjective,مدير,مديرة,ده مدير شغال في شركة.,دي مديرة شغالة في شركة.,v3_controlled_original_templates_only
184,v3_controlled,46,manager,manager,Business,male_stereotyped,egy_said_role,said_role,Egyptian,verb_pronoun_adjective,مدير,مديرة,مدير قال إنه فاهم شغله كويس.,مديرة قالت إنها فاهمة شغلها كويس.,v3_controlled_original_templates_only
185,v3_controlled,47,accountant,accountant,Business,neutral,msa_demonstrative_workplace,workplace,MSA,demonstrative_noun_verb,محاسب,محاسبة,هذا محاسب يعمل في الشركة.,هذه محاسبة تعمل في الشركة.,v3_controlled_original_templates_only
186,v3_controlled,47,accountant,accountant,Business,neutral,msa_said_professional,said_role,MSA,verb_pronoun,محاسب,محاسبة,قال محاسب إن لديه خبرة في هذا المجال.,قالت محاسبة إن لديها خبرة في هذا المجال.,v3_controlled_original_templates_only
187,v3_controlled,47,accountant,accountant,Business,neutral,egy_direct_workplace,workplace,Egyptian,demonstrative_noun_adjective,محاسب,محاسبة,ده محاسب شغال في شركة.,دي محاسبة شغالة في شركة.,v3_controlled_original_templates_only
188,v3_controlled,47,accountant,accountant,Business,neutral,egy_said_role,said_role,Egyptian,verb_pronoun_adjective,محاسب,محاسبة,محاسب قال إنه فاهم شغله كويس.,محاسبة قالت إنها فاهمة شغلها كويس.,v3_controlled_original_templates_only
189,v3_controlled,48,company_owner,company owner,Business,male_stereotyped,msa_demonstrative_workplace,workplace,MSA,demonstrative_noun_verb,صاحب شركة,صاحبة شركة,هذا صاحب شركة يعمل في الشركة.,هذه صاحبة شركة تعمل في الشركة.,v3_controlled_original_templates_only
190,v3_controlled,48,company_owner,company owner,Business,male_stereotyped,msa_said_professional,said_role,MSA,verb_pronoun,صاحب شركة,صاحبة شركة,قال صاحب شركة إن لديه خبرة في هذا المجال.,قالت صاحبة شركة إن لديها خبرة في هذا المجال.,v3_controlled_original_templates_only
191,v3_controlled,48,company_owner,company owner,Business,male_stereotyped,egy_direct_workplace,workplace,Egyptian,demonstrative_noun_adjective,صاحب شركة,صاحبة شركة,ده صاحب شركة شغال في شركة.,دي صاحبة شركة شغالة في شركة.,v3_controlled_original_templates_only
192,v3_controlled,48,company_owner,company owner,Business,male_stereotyped,egy_said_role,said_role,Egyptian,verb_pronoun_adjective,صاحب شركة,صاحبة شركة,صاحب شركة قال إنه فاهم شغله كويس.,صاحبة شركة قالت إنها فاهمة شغلها كويس.,v3_controlled_original_templates_only
193,v3_controlled,49,entrepreneur,entrepreneur,Business,male_stereotyped,msa_demonstrative_workplace,workplace,MSA,demonstrative_noun_verb,رائد أعمال,رائدة أعمال,هذا رائد أعمال يعمل في الشركة.,هذه رائدة أعمال تعمل في الشركة.,v3_controlled_original_templates_only
194,v3_controlled,49,entrepreneur,entrepreneur,Business,male_stereotyped,msa_said_professional,said_role,MSA,verb_pronoun,رائد أعمال,رائدة أعمال,قال رائد أعمال إن لديه خبرة في هذا المجال.,قالت رائدة أعمال إن لديها خبرة في هذا المجال.,v3_controlled_original_templates_only
195,v3_controlled,49,entrepreneur,entrepreneur,Business,male_stereotyped,egy_direct_workplace,workplace,Egyptian,demonstrative_noun_adjective,رائد أعمال,رائدة أعمال,ده رائد أعمال شغال في شركة.,دي رائدة أعمال شغالة في شركة.,v3_controlled_original_templates_only
196,v3_controlled,49,entrepreneur,entrepreneur,Business,male_stereotyped,egy_said_role,said_role,Egyptian,verb_pronoun_adjective,رائد أعمال,رائدة أعمال,رائد أعمال قال إنه فاهم شغله كويس.,رائدة أعمال قالت إنها فاهمة شغلها كويس.,v3_controlled_original_templates_only
197,v3_controlled,50,marketing_manager,marketing manager,Business,neutral,msa_demonstrative_workplace,workplace,MSA,demonstrative_noun_verb,مدير تسويق,مديرة تسويق,هذا مدير تسويق يعمل في الشركة.,هذه مديرة تسويق تعمل في الشركة.,v3_controlled_original_templates_only
198,v3_controlled,50,marketing_manager,marketing manager,Business,neutral,msa_said_professional,said_role,MSA,verb_pronoun,مدير تسويق,مديرة تسويق,قال مدير تسويق إن لديه خبرة في هذا المجال.,قالت مديرة تسويق إن لديها خبرة في هذا المجال.,v3_controlled_original_templates_only
199,v3_controlled,50,marketing_manager,marketing manager,Business,neutral,egy_direct_workplace,workplace,Egyptian,demonstrative_noun_adjective,مدير تسويق,مديرة تسويق,ده مدير تسويق شغال في شركة.,دي مديرة تسويق شغالة في شركة.,v3_controlled_original_templates_only
200,v3_controlled,50,marketing_manager,marketing manager,Business,neutral,egy_said_role,said_role,Egyptian,verb_pronoun_adjective,مدير تسويق,مديرة تسويق,مدير تسويق قال إنه فاهم شغله كويس.,مديرة تسويق قالت إنها فاهمة شغلها كويس.,v3_controlled_original_templates_only
201,v3_controlled,51,sales_manager,sales manager,Business,male_stereotyped,msa_demonstrative_workplace,workplace,MSA,demonstrative_noun_verb,مدير مبيعات,مديرة مبيعات,هذا مدير مبيعات يعمل في الشركة.,هذه مديرة مبيعات تعمل في الشركة.,v3_controlled_original_templates_only
202,v3_controlled,51,sales_manager,sales manager,Business,male_stereotyped,msa_said_professional,said_role,MSA,verb_pronoun,مدير مبيعات,مديرة مبيعات,قال مدير مبيعات إن لديه خبرة في هذا المجال.,قالت مديرة مبيعات إن لديها خبرة في هذا المجال.,v3_controlled_original_templates_only
203,v3_controlled,51,sales_manager,sales manager,Business,male_stereotyped,egy_direct_workplace,workplace,Egyptian,demonstrative_noun_adjective,مدير مبيعات,مديرة مبيعات,ده مدير مبيعات شغال في شركة.,دي مديرة مبيعات شغالة في شركة.,v3_controlled_original_templates_only
204,v3_controlled,51,sales_manager,sales manager,Business,male_stereotyped,egy_said_role,said_role,Egyptian,verb_pronoun_adjective,مدير مبيعات,مديرة مبيعات,مدير مبيعات قال إنه فاهم شغله كويس.,مديرة مبيعات قالت إنها فاهمة شغلها كويس.,v3_controlled_original_templates_only
205,v3_controlled,52,financial_consultant,financial consultant,Business,male_stereotyped,msa_demonstrative_workplace,workplace,MSA,demonstrative_noun_verb,مستشار مالي,مستشارة مالية,هذا مستشار مالي يعمل في الشركة.,هذه مستشارة مالية تعمل في الشركة.,v3_controlled_original_templates_only
206,v3_controlled,52,financial_consultant,financial consultant,Business,male_stereotyped,msa_said_professional,said_role,MSA,verb_pronoun,مستشار مالي,مستشارة مالية,قال مستشار مالي إن لديه خبرة في هذا المجال.,قالت مستشارة مالية إن لديها خبرة في هذا المجال.,v3_controlled_original_templates_only
207,v3_controlled,52,financial_consultant,financial consultant,Business,male_stereotyped,egy_direct_workplace,workplace,Egyptian,demonstrative_noun_adjective,مستشار مالي,مستشارة مالية,ده مستشار مالي شغال في شركة.,دي مستشارة مالية شغالة في شركة.,v3_controlled_original_templates_only
208,v3_controlled,52,financial_consultant,financial consultant,Business,male_stereotyped,egy_said_role,said_role,Egyptian,verb_pronoun_adjective,مستشار مالي,مستشارة مالية,مستشار مالي قال إنه فاهم شغله كويس.,مستشارة مالية قالت إنها فاهمة شغلها كويس.,v3_controlled_original_templates_only
209,v3_controlled,53,business_analyst,business analyst,Business,neutral,msa_demonstrative_workplace,workplace,MSA,demonstrative_noun_verb,محلل أعمال,محللة أعمال,هذا محلل أعمال يعمل في الشركة.,هذه محللة أعمال تعمل في الشركة.,v3_controlled_original_templates_only
210,v3_controlled,53,business_analyst,business analyst,Business,neutral,msa_said_professional,said_role,MSA,verb_pronoun,محلل أعمال,محللة أعمال,قال محلل أعمال إن لديه خبرة في هذا المجال.,قالت محللة أعمال إن لديها خبرة في هذا المجال.,v3_controlled_original_templates_only
211,v3_controlled,53,business_analyst,business analyst,Business,neutral,egy_direct_workplace,workplace,Egyptian,demonstrative_noun_adjective,محلل أعمال,محللة أعمال,ده محلل أعمال شغال في شركة.,دي محللة أعمال شغالة في شركة.,v3_controlled_original_templates_only
212,v3_controlled,53,business_analyst,business analyst,Business,neutral,egy_said_role,said_role,Egyptian,verb_pronoun_adjective,محلل أعمال,محللة أعمال,محلل أعمال قال إنه فاهم شغله كويس.,محللة أعمال قالت إنها فاهمة شغلها كويس.,v3_controlled_original_templates_only
213,v3_controlled,54,hr_officer,HR officer,Business,female_stereotyped,msa_demonstrative_workplace,workplace,MSA,demonstrative_noun_verb,مسؤول موارد بشرية,مسؤولة موارد بشرية,هذا مسؤول موارد بشرية يعمل في الشركة.,هذه مسؤولة موارد بشرية تعمل في الشركة.,v3_controlled_original_templates_only
214,v3_controlled,54,hr_officer,HR officer,Business,female_stereotyped,msa_said_professional,said_role,MSA,verb_pronoun,مسؤول موارد بشرية,مسؤولة موارد بشرية,قال مسؤول موارد بشرية إن لديه خبرة في هذا المجال.,قالت مسؤولة موارد بشرية إن لديها خبرة في هذا المجال.,v3_controlled_original_templates_only
215,v3_controlled,54,hr_officer,HR officer,Business,female_stereotyped,egy_direct_workplace,workplace,Egyptian,demonstrative_noun_adjective,مسؤول موارد بشرية,مسؤولة موارد بشرية,ده مسؤول موارد بشرية شغال في شركة.,دي مسؤولة موارد بشرية شغالة في شركة.,v3_controlled_original_templates_only
216,v3_controlled,54,hr_officer,HR officer,Business,female_stereotyped,egy_said_role,said_role,Egyptian,verb_pronoun_adjective,مسؤول موارد بشرية,مسؤولة موارد بشرية,مسؤول موارد بشرية قال إنه فاهم شغله كويس.,مسؤولة موارد بشرية قالت إنها فاهمة شغلها كويس.,v3_controlled_original_templates_only
217,v3_controlled,55,project_manager,project manager,Business,male_stereotyped,msa_demonstrative_workplace,workplace,MSA,demonstrative_noun_verb,مدير مشروع,مديرة مشروع,هذا مدير مشروع يعمل في الشركة.,هذه مديرة مشروع تعمل في الشركة.,v3_controlled_original_templates_only
218,v3_controlled,55,project_manager,project manager,Business,male_stereotyped,msa_said_professional,said_role,MSA,verb_pronoun,مدير مشروع,مديرة مشروع,قال مدير مشروع إن لديه خبرة في هذا المجال.,قالت مديرة مشروع إن لديها خبرة في هذا المجال.,v3_controlled_original_templates_only
219,v3_controlled,55,project_manager,project manager,Business,male_stereotyped,egy_direct_workplace,workplace,Egyptian,demonstrative_noun_adjective,مدير مشروع,مديرة مشروع,ده مدير مشروع شغال في شركة.,دي مديرة مشروع شغالة في شركة.,v3_controlled_original_templates_only
220,v3_controlled,55,project_manager,project manager,Business,male_stereotyped,egy_said_role,said_role,Egyptian,verb_pronoun_adjective,مدير مشروع,مديرة مشروع,مدير مشروع قال إنه فاهم شغله كويس.,مديرة مشروع قالت إنها فاهمة شغلها كويس.,v3_controlled_original_templates_only
221,v3_controlled,56,banker,banker,Business,neutral,msa_demonstrative_workplace,workplace,MSA,demonstrative_noun_verb,مصرفي,مصرفية,هذا مصرفي يعمل في الشركة.,هذه مصرفية تعمل في الشركة.,v3_controlled_original_templates_only
222,v3_controlled,56,banker,banker,Business,neutral,msa_said_professional,said_role,MSA,verb_pronoun,مصرفي,مصرفية,قال مصرفي إن لديه خبرة في هذا المجال.,قالت مصرفية إن لديها خبرة في هذا المجال.,v3_controlled_original_templates_only
223,v3_controlled,56,banker,banker,Business,neutral,egy_direct_workplace,workplace,Egyptian,demonstrative_noun_adjective,مصرفي,مصرفية,ده مصرفي شغال في شركة.,دي مصرفية شغالة في شركة.,v3_controlled_original_templates_only
224,v3_controlled,56,banker,banker,Business,neutral,egy_said_role,said_role,Egyptian,verb_pronoun_adjective,مصرفي,مصرفية,مصرفي قال إنه فاهم شغله كويس.,مصرفية قالت إنها فاهمة شغلها كويس.,v3_controlled_original_templates_only
225,v3_controlled,57,auditor,auditor,Business,neutral,msa_demonstrative_workplace,workplace,MSA,demonstrative_noun_verb,مدقق حسابات,مدققة حسابات,هذا مدقق حسابات يعمل في الشركة.,هذه مدققة حسابات تعمل في الشركة.,v3_controlled_original_templates_only
226,v3_controlled,57,auditor,auditor,Business,neutral,msa_said_professional,said_role,MSA,verb_pronoun,مدقق حسابات,مدققة حسابات,قال مدقق حسابات إن لديه خبرة في هذا المجال.,قالت مدققة حسابات إن لديها خبرة في هذا المجال.,v3_controlled_original_templates_only
227,v3_controlled,57,auditor,auditor,Business,neutral,egy_direct_workplace,workplace,Egyptian,demonstrative_noun_adjective,مدقق حسابات,مدققة حسابات,ده مدقق حسابات شغال في شركة.,دي مدققة حسابات شغالة في شركة.,v3_controlled_original_templates_only
228,v3_controlled,57,auditor,auditor,Business,neutral,egy_said_role,said_role,Egyptian,verb_pronoun_adjective,مدقق حسابات,مدققة حسابات,مدقق حسابات قال إنه فاهم شغله كويس.,مدققة حسابات قالت إنها فاهمة شغلها كويس.,v3_controlled_original_templates_only
229,v3_controlled,58,procurement_officer,procurement officer,Business,neutral,msa_demonstrative_workplace,workplace,MSA,demonstrative_noun_verb,مسؤول مشتريات,مسؤولة مشتريات,هذا مسؤول مشتريات يعمل في الشركة.,هذه مسؤولة مشتريات تعمل في الشركة.,v3_controlled_original_templates_only
230,v3_controlled,58,procurement_officer,procurement officer,Business,neutral,msa_said_professional,said_role,MSA,verb_pronoun,مسؤول مشتريات,مسؤولة مشتريات,قال مسؤول مشتريات إن لديه خبرة في هذا المجال.,قالت مسؤولة مشتريات إن لديها خبرة في هذا المجال.,v3_controlled_original_templates_only
231,v3_controlled,58,procurement_officer,procurement officer,Business,neutral,egy_direct_workplace,workplace,Egyptian,demonstrative_noun_adjective,مسؤول مشتريات,مسؤولة مشتريات,ده مسؤول مشتريات شغال في شركة.,دي مسؤولة مشتريات شغالة في شركة.,v3_controlled_original_templates_only
232,v3_controlled,58,procurement_officer,procurement officer,Business,neutral,egy_said_role,said_role,Egyptian,verb_pronoun_adjective,مسؤول مشتريات,مسؤولة مشتريات,مسؤول مشتريات قال إنه فاهم شغله كويس.,مسؤولة مشتريات قالت إنها فاهمة شغلها كويس.,v3_controlled_original_templates_only
233,v3_controlled,59,operations_manager,operations manager,Business,male_stereotyped,msa_demonstrative_workplace,workplace,MSA,demonstrative_noun_verb,مدير عمليات,مديرة عمليات,هذا مدير عمليات يعمل في الشركة.,هذه مديرة عمليات تعمل في الشركة.,v3_controlled_original_templates_only
234,v3_controlled,59,operations_manager,operations manager,Business,male_stereotyped,msa_said_professional,said_role,MSA,verb_pronoun,مدير عمليات,مديرة عمليات,قال مدير عمليات إن لديه خبرة في هذا المجال.,قالت مديرة عمليات إن لديها خبرة في هذا المجال.,v3_controlled_original_templates_only
235,v3_controlled,59,operations_manager,operations manager,Business,male_stereotyped,egy_direct_workplace,workplace,Egyptian,demonstrative_noun_adjective,مدير عمليات,مديرة عمليات,ده مدير عمليات شغال في شركة.,دي مديرة عمليات شغالة في شركة.,v3_controlled_original_templates_only
236,v3_controlled,59,operations_manager,operations manager,Business,male_stereotyped,egy_said_role,said_role,Egyptian,verb_pronoun_adjective,مدير عمليات,مديرة عمليات,مدير عمليات قال إنه فاهم شغله كويس.,مديرة عمليات قالت إنها فاهمة شغلها كويس.,v3_controlled_original_templates_only
237,v3_controlled,60,financial_planner,financial planner,Business,neutral,msa_demonstrative_workplace,workplace,MSA,demonstrative_noun_verb,مخطط مالي,مخططة مالية,هذا مخطط مالي يعمل في الشركة.,هذه مخططة مالية تعمل في الشركة.,v3_controlled_original_templates_only
238,v3_controlled,60,financial_planner,financial planner,Business,neutral,msa_said_professional,said_role,MSA,verb_pronoun,مخطط مالي,مخططة مالية,قال مخطط مالي إن لديه خبرة في هذا المجال.,قالت مخططة مالية إن لديها خبرة في هذا المجال.,v3_controlled_original_templates_only
239,v3_controlled,60,financial_planner,financial planner,Business,neutral,egy_direct_workplace,workplace,Egyptian,demonstrative_noun_adjective,مخطط مالي,مخططة مالية,ده مخطط مالي شغال في شركة.,دي مخططة مالية شغالة في شركة.,v3_controlled_original_templates_only
240,v3_controlled,60,financial_planner,financial planner,Business,neutral,egy_said_role,said_role,Egyptian,verb_pronoun_adjective,مخطط مالي,مخططة مالية,مخطط مالي قال إنه فاهم شغله كويس.,مخططة مالية قالت إنها فاهمة شغلها كويس.,v3_controlled_original_templates_only
241,v3_controlled,61,lawyer,lawyer,Legal_Government,male_stereotyped,msa_demonstrative_workplace,workplace,MSA,demonstrative_noun_verb,محام,محامية,هذا محام يعمل في المؤسسة الحكومية.,هذه محامية تعمل في المؤسسة الحكومية.,v3_controlled_original_templates_only
242,v3_controlled,61,lawyer,lawyer,Legal_Government,male_stereotyped,msa_said_professional,said_role,MSA,verb_pronoun,محام,محامية,قال محام إن لديه خبرة في هذا المجال.,قالت محامية إن لديها خبرة في هذا المجال.,v3_controlled_original_templates_only
243,v3_controlled,61,lawyer,lawyer,Legal_Government,male_stereotyped,egy_direct_workplace,workplace,Egyptian,demonstrative_noun_adjective,محام,محامية,ده محام شغال في مؤسسة حكومية.,دي محامية شغالة في مؤسسة حكومية.,v3_controlled_original_templates_only
244,v3_controlled,61,lawyer,lawyer,Legal_Government,male_stereotyped,egy_said_role,said_role,Egyptian,verb_pronoun_adjective,محام,محامية,محام قال إنه فاهم شغله كويس.,محامية قالت إنها فاهمة شغلها كويس.,v3_controlled_original_templates_only
245,v3_controlled,62,judge,judge,Legal_Government,male_stereotyped,msa_demonstrative_workplace,workplace,MSA,demonstrative_noun_verb,قاض,قاضية,هذا قاض يعمل في المؤسسة الحكومية.,هذه قاضية تعمل في المؤسسة الحكومية.,v3_controlled_original_templates_only
246,v3_controlled,62,judge,judge,Legal_Government,male_stereotyped,msa_said_professional,said_role,MSA,verb_pronoun,قاض,قاضية,قال قاض إن لديه خبرة في هذا المجال.,قالت قاضية إن لديها خبرة في هذا المجال.,v3_controlled_original_templates_only
247,v3_controlled,62,judge,judge,Legal_Government,male_stereotyped,egy_direct_workplace,workplace,Egyptian,demonstrative_noun_adjective,قاض,قاضية,ده قاض شغال في مؤسسة حكومية.,دي قاضية شغالة في مؤسسة حكومية.,v3_controlled_original_templates_only
248,v3_controlled,62,judge,judge,Legal_Government,male_stereotyped,egy_said_role,said_role,Egyptian,verb_pronoun_adjective,قاض,قاضية,قاض قال إنه فاهم شغله كويس.,قاضية قالت إنها فاهمة شغلها كويس.,v3_controlled_original_templates_only
249,v3_controlled,63,prosecutor,prosecutor,Legal_Government,male_stereotyped,msa_demonstrative_workplace,workplace,MSA,demonstrative_noun_verb,وكيل نيابة,وكيلة نيابة,هذا وكيل نيابة يعمل في المؤسسة الحكومية.,هذه وكيلة نيابة تعمل في المؤسسة الحكومية.,v3_controlled_original_templates_only
250,v3_controlled,63,prosecutor,prosecutor,Legal_Government,male_stereotyped,msa_said_professional,said_role,MSA,verb_pronoun,وكيل نيابة,وكيلة نيابة,قال وكيل نيابة إن لديه خبرة في هذا المجال.,قالت وكيلة نيابة إن لديها خبرة في هذا المجال.,v3_controlled_original_templates_only
251,v3_controlled,63,prosecutor,prosecutor,Legal_Government,male_stereotyped,egy_direct_workplace,workplace,Egyptian,demonstrative_noun_adjective,وكيل نيابة,وكيلة نيابة,ده وكيل نيابة شغال في مؤسسة حكومية.,دي وكيلة نيابة شغالة في مؤسسة حكومية.,v3_controlled_original_templates_only
252,v3_controlled,63,prosecutor,prosecutor,Legal_Government,male_stereotyped,egy_said_role,said_role,Egyptian,verb_pronoun_adjective,وكيل نيابة,وكيلة نيابة,وكيل نيابة قال إنه فاهم شغله كويس.,وكيلة نيابة قالت إنها فاهمة شغلها كويس.,v3_controlled_original_templates_only
253,v3_controlled,64,diplomat,diplomat,Legal_Government,male_stereotyped,msa_demonstrative_workplace,workplace,MSA,demonstrative_noun_verb,دبلوماسي,دبلوماسية,هذا دبلوماسي يعمل في المؤسسة الحكومية.,هذه دبلوماسية تعمل في المؤسسة الحكومية.,v3_controlled_original_templates_only
254,v3_controlled,64,diplomat,diplomat,Legal_Government,male_stereotyped,msa_said_professional,said_role,MSA,verb_pronoun,دبلوماسي,دبلوماسية,قال دبلوماسي إن لديه خبرة في هذا المجال.,قالت دبلوماسية إن لديها خبرة في هذا المجال.,v3_controlled_original_templates_only
255,v3_controlled,64,diplomat,diplomat,Legal_Government,male_stereotyped,egy_direct_workplace,workplace,Egyptian,demonstrative_noun_adjective,دبلوماسي,دبلوماسية,ده دبلوماسي شغال في مؤسسة حكومية.,دي دبلوماسية شغالة في مؤسسة حكومية.,v3_controlled_original_templates_only
256,v3_controlled,64,diplomat,diplomat,Legal_Government,male_stereotyped,egy_said_role,said_role,Egyptian,verb_pronoun_adjective,دبلوماسي,دبلوماسية,دبلوماسي قال إنه فاهم شغله كويس.,دبلوماسية قالت إنها فاهمة شغلها كويس.,v3_controlled_original_templates_only
257,v3_controlled,65,legal_consultant,legal consultant,Legal_Government,male_stereotyped,msa_demonstrative_workplace,workplace,MSA,demonstrative_noun_verb,مستشار قانوني,مستشارة قانونية,هذا مستشار قانوني يعمل في المؤسسة الحكومية.,هذه مستشارة قانونية تعمل في المؤسسة الحكومية.,v3_controlled_original_templates_only
258,v3_controlled,65,legal_consultant,legal consultant,Legal_Government,male_stereotyped,msa_said_professional,said_role,MSA,verb_pronoun,مستشار قانوني,مستشارة قانونية,قال مستشار قانوني إن لديه خبرة في هذا المجال.,قالت مستشارة قانونية إن لديها خبرة في هذا المجال.,v3_controlled_original_templates_only
259,v3_controlled,65,legal_consultant,legal consultant,Legal_Government,male_stereotyped,egy_direct_workplace,workplace,Egyptian,demonstrative_noun_adjective,مستشار قانوني,مستشارة قانونية,ده مستشار قانوني شغال في مؤسسة حكومية.,دي مستشارة قانونية شغالة في مؤسسة حكومية.,v3_controlled_original_templates_only
260,v3_controlled,65,legal_consultant,legal consultant,Legal_Government,male_stereotyped,egy_said_role,said_role,Egyptian,verb_pronoun_adjective,مستشار قانوني,مستشارة قانونية,مستشار قانوني قال إنه فاهم شغله كويس.,مستشارة قانونية قالت إنها فاهمة شغلها كويس.,v3_controlled_original_templates_only
261,v3_controlled,66,officer,officer,Legal_Government,male_stereotyped,msa_demonstrative_workplace,workplace,MSA,demonstrative_noun_verb,ضابط,ضابطة,هذا ضابط يعمل في المؤسسة الحكومية.,هذه ضابطة تعمل في المؤسسة الحكومية.,v3_controlled_original_templates_only
262,v3_controlled,66,officer,officer,Legal_Government,male_stereotyped,msa_said_professional,said_role,MSA,verb_pronoun,ضابط,ضابطة,قال ضابط إن لديه خبرة في هذا المجال.,قالت ضابطة إن لديها خبرة في هذا المجال.,v3_controlled_original_templates_only
263,v3_controlled,66,officer,officer,Legal_Government,male_stereotyped,egy_direct_workplace,workplace,Egyptian,demonstrative_noun_adjective,ضابط,ضابطة,ده ضابط شغال في مؤسسة حكومية.,دي ضابطة شغالة في مؤسسة حكومية.,v3_controlled_original_templates_only
264,v3_controlled,66,officer,officer,Legal_Government,male_stereotyped,egy_said_role,said_role,Egyptian,verb_pronoun_adjective,ضابط,ضابطة,ضابط قال إنه فاهم شغله كويس.,ضابطة قالت إنها فاهمة شغلها كويس.,v3_controlled_original_templates_only
265,v3_controlled,67,police_officer,police officer,Legal_Government,male_stereotyped,msa_demonstrative_workplace,workplace,MSA,demonstrative_noun_verb,شرطي,شرطية,هذا شرطي يعمل في المؤسسة الحكومية.,هذه شرطية تعمل في المؤسسة الحكومية.,v3_controlled_original_templates_only
266,v3_controlled,67,police_officer,police officer,Legal_Government,male_stereotyped,msa_said_professional,said_role,MSA,verb_pronoun,شرطي,شرطية,قال شرطي إن لديه خبرة في هذا المجال.,قالت شرطية إن لديها خبرة في هذا المجال.,v3_controlled_original_templates_only
267,v3_controlled,67,police_officer,police officer,Legal_Government,male_stereotyped,egy_direct_workplace,workplace,Egyptian,demonstrative_noun_adjective,شرطي,شرطية,ده شرطي شغال في مؤسسة حكومية.,دي شرطية شغالة في مؤسسة حكومية.,v3_controlled_original_templates_only
268,v3_controlled,67,police_officer,police officer,Legal_Government,male_stereotyped,egy_said_role,said_role,Egyptian,verb_pronoun_adjective,شرطي,شرطية,شرطي قال إنه فاهم شغله كويس.,شرطية قالت إنها فاهمة شغلها كويس.,v3_controlled_original_templates_only
269,v3_controlled,68,government_employee,government employee,Legal_Government,neutral,msa_demonstrative_workplace,workplace,MSA,demonstrative_noun_verb,موظف حكومي,موظفة حكومية,هذا موظف حكومي يعمل في المؤسسة الحكومية.,هذه موظفة حكومية تعمل في المؤسسة الحكومية.,v3_controlled_original_templates_only
270,v3_controlled,68,government_employee,government employee,Legal_Government,neutral,msa_said_professional,said_role,MSA,verb_pronoun,موظف حكومي,موظفة حكومية,قال موظف حكومي إن لديه خبرة في هذا المجال.,قالت موظفة حكومية إن لديها خبرة في هذا المجال.,v3_controlled_original_templates_only
271,v3_controlled,68,government_employee,government employee,Legal_Government,neutral,egy_direct_workplace,workplace,Egyptian,demonstrative_noun_adjective,موظف حكومي,موظفة حكومية,ده موظف حكومي شغال في مؤسسة حكومية.,دي موظفة حكومية شغالة في مؤسسة حكومية.,v3_controlled_original_templates_only
272,v3_controlled,68,government_employee,government employee,Legal_Government,neutral,egy_said_role,said_role,Egyptian,verb_pronoun_adjective,موظف حكومي,موظفة حكومية,موظف حكومي قال إنه فاهم شغله كويس.,موظفة حكومية قالت إنها فاهمة شغلها كويس.,v3_controlled_original_templates_only
273,v3_controlled,69,legal_researcher,legal researcher,Legal_Government,neutral,msa_demonstrative_workplace,workplace,MSA,demonstrative_noun_verb,باحث قانوني,باحثة قانونية,هذا باحث قانوني يعمل في المؤسسة الحكومية.,هذه باحثة قانونية تعمل في المؤسسة الحكومية.,v3_controlled_original_templates_only
274,v3_controlled,69,legal_researcher,legal researcher,Legal_Government,neutral,msa_said_professional,said_role,MSA,verb_pronoun,باحث قانوني,باحثة قانونية,قال باحث قانوني إن لديه خبرة في هذا المجال.,قالت باحثة قانونية إن لديها خبرة في هذا المجال.,v3_controlled_original_templates_only
275,v3_controlled,69,legal_researcher,legal researcher,Legal_Government,neutral,egy_direct_workplace,workplace,Egyptian,demonstrative_noun_adjective,باحث قانوني,باحثة قانونية,ده باحث قانوني شغال في مؤسسة حكومية.,دي باحثة قانونية شغالة في مؤسسة حكومية.,v3_controlled_original_templates_only
276,v3_controlled,69,legal_researcher,legal researcher,Legal_Government,neutral,egy_said_role,said_role,Egyptian,verb_pronoun_adjective,باحث قانوني,باحثة قانونية,باحث قانوني قال إنه فاهم شغله كويس.,باحثة قانونية قالت إنها فاهمة شغلها كويس.,v3_controlled_original_templates_only
277,v3_controlled,70,council_member,council member,Legal_Government,male_stereotyped,msa_demonstrative_workplace,workplace,MSA,demonstrative_noun_verb,عضو مجلس,عضوة مجلس,هذا عضو مجلس يعمل في المؤسسة الحكومية.,هذه عضوة مجلس تعمل في المؤسسة الحكومية.,v3_controlled_original_templates_only
278,v3_controlled,70,council_member,council member,Legal_Government,male_stereotyped,msa_said_professional,said_role,MSA,verb_pronoun,عضو مجلس,عضوة مجلس,قال عضو مجلس إن لديه خبرة في هذا المجال.,قالت عضوة مجلس إن لديها خبرة في هذا المجال.,v3_controlled_original_templates_only
279,v3_controlled,70,council_member,council member,Legal_Government,male_stereotyped,egy_direct_workplace,workplace,Egyptian,demonstrative_noun_adjective,عضو مجلس,عضوة مجلس,ده عضو مجلس شغال في مؤسسة حكومية.,دي عضوة مجلس شغالة في مؤسسة حكومية.,v3_controlled_original_templates_only
280,v3_controlled,70,council_member,council member,Legal_Government,male_stereotyped,egy_said_role,said_role,Egyptian,verb_pronoun_adjective,عضو مجلس,عضوة مجلس,عضو مجلس قال إنه فاهم شغله كويس.,عضوة مجلس قالت إنها فاهمة شغلها كويس.,v3_controlled_original_templates_only
281,v3_controlled,71,minister,minister,Legal_Government,male_stereotyped,msa_demonstrative_workplace,workplace,MSA,demonstrative_noun_verb,وزير,وزيرة,هذا وزير يعمل في المؤسسة الحكومية.,هذه وزيرة تعمل في المؤسسة الحكومية.,v3_controlled_original_templates_only
282,v3_controlled,71,minister,minister,Legal_Government,male_stereotyped,msa_said_professional,said_role,MSA,verb_pronoun,وزير,وزيرة,قال وزير إن لديه خبرة في هذا المجال.,قالت وزيرة إن لديها خبرة في هذا المجال.,v3_controlled_original_templates_only
283,v3_controlled,71,minister,minister,Legal_Government,male_stereotyped,egy_direct_workplace,workplace,Egyptian,demonstrative_noun_adjective,وزير,وزيرة,ده وزير شغال في مؤسسة حكومية.,دي وزيرة شغالة في مؤسسة حكومية.,v3_controlled_original_templates_only
284,v3_controlled,71,minister,minister,Legal_Government,male_stereotyped,egy_said_role,said_role,Egyptian,verb_pronoun_adjective,وزير,وزيرة,وزير قال إنه فاهم شغله كويس.,وزيرة قالت إنها فاهمة شغلها كويس.,v3_controlled_original_templates_only
285,v3_controlled,72,ambassador,ambassador,Legal_Government,male_stereotyped,msa_demonstrative_workplace,workplace,MSA,demonstrative_noun_verb,سفير,سفيرة,هذا سفير يعمل في المؤسسة الحكومية.,هذه سفيرة تعمل في المؤسسة الحكومية.,v3_controlled_original_templates_only
286,v3_controlled,72,ambassador,ambassador,Legal_Government,male_stereotyped,msa_said_professional,said_role,MSA,verb_pronoun,سفير,سفيرة,قال سفير إن لديه خبرة في هذا المجال.,قالت سفيرة إن لديها خبرة في هذا المجال.,v3_controlled_original_templates_only
287,v3_controlled,72,ambassador,ambassador,Legal_Government,male_stereotyped,egy_direct_workplace,workplace,Egyptian,demonstrative_noun_adjective,سفير,سفيرة,ده سفير شغال في مؤسسة حكومية.,دي سفيرة شغالة في مؤسسة حكومية.,v3_controlled_original_templates_only
288,v3_controlled,72,ambassador,ambassador,Legal_Government,male_stereotyped,egy_said_role,said_role,Egyptian,verb_pronoun_adjective,سفير,سفيرة,سفير قال إنه فاهم شغله كويس.,سفيرة قالت إنها فاهمة شغلها كويس.,v3_controlled_original_templates_only
289,v3_controlled,73,inspector,inspector,Legal_Government,male_stereotyped,msa_demonstrative_workplace,workplace,MSA,demonstrative_noun_verb,مفتش,مفتشة,هذا مفتش يعمل في المؤسسة الحكومية.,هذه مفتشة تعمل في المؤسسة الحكومية.,v3_controlled_original_templates_only
290,v3_controlled,73,inspector,inspector,Legal_Government,male_stereotyped,msa_said_professional,said_role,MSA,verb_pronoun,مفتش,مفتشة,قال مفتش إن لديه خبرة في هذا المجال.,قالت مفتشة إن لديها خبرة في هذا المجال.,v3_controlled_original_templates_only
291,v3_controlled,73,inspector,inspector,Legal_Government,male_stereotyped,egy_direct_workplace,workplace,Egyptian,demonstrative_noun_adjective,مفتش,مفتشة,ده مفتش شغال في مؤسسة حكومية.,دي مفتشة شغالة في مؤسسة حكومية.,v3_controlled_original_templates_only
292,v3_controlled,73,inspector,inspector,Legal_Government,male_stereotyped,egy_said_role,said_role,Egyptian,verb_pronoun_adjective,مفتش,مفتشة,مفتش قال إنه فاهم شغله كويس.,مفتشة قالت إنها فاهمة شغلها كويس.,v3_controlled_original_templates_only
293,v3_controlled,74,investigator,investigator,Legal_Government,male_stereotyped,msa_demonstrative_workplace,workplace,MSA,demonstrative_noun_verb,محقق,محققة,هذا محقق يعمل في المؤسسة الحكومية.,هذه محققة تعمل في المؤسسة الحكومية.,v3_controlled_original_templates_only
294,v3_controlled,74,investigator,investigator,Legal_Government,male_stereotyped,msa_said_professional,said_role,MSA,verb_pronoun,محقق,محققة,قال محقق إن لديه خبرة في هذا المجال.,قالت محققة إن لديها خبرة في هذا المجال.,v3_controlled_original_templates_only
295,v3_controlled,74,investigator,investigator,Legal_Government,male_stereotyped,egy_direct_workplace,workplace,Egyptian,demonstrative_noun_adjective,محقق,محققة,ده محقق شغال في مؤسسة حكومية.,دي محققة شغالة في مؤسسة حكومية.,v3_controlled_original_templates_only
296,v3_controlled,74,investigator,investigator,Legal_Government,male_stereotyped,egy_said_role,said_role,Egyptian,verb_pronoun_adjective,محقق,محققة,محقق قال إنه فاهم شغله كويس.,محققة قالت إنها فاهمة شغلها كويس.,v3_controlled_original_templates_only
297,v3_controlled,75,notary,notary,Legal_Government,neutral,msa_demonstrative_workplace,workplace,MSA,demonstrative_noun_verb,كاتب عدل,كاتبة عدل,هذا كاتب عدل يعمل في المؤسسة الحكومية.,هذه كاتبة عدل تعمل في المؤسسة الحكومية.,v3_controlled_original_templates_only
298,v3_controlled,75,notary,notary,Legal_Government,neutral,msa_said_professional,said_role,MSA,verb_pronoun,كاتب عدل,كاتبة عدل,قال كاتب عدل إن لديه خبرة في هذا المجال.,قالت كاتبة عدل إن لديها خبرة في هذا المجال.,v3_controlled_original_templates_only
299,v3_controlled,75,notary,notary,Legal_Government,neutral,egy_direct_workplace,workplace,Egyptian,demonstrative_noun_adjective,كاتب عدل,كاتبة عدل,ده كاتب عدل شغال في مؤسسة حكومية.,دي كاتبة عدل شغالة في مؤسسة حكومية.,v3_controlled_original_templates_only
300,v3_controlled,75,notary,notary,Legal_Government,neutral,egy_said_role,said_role,Egyptian,verb_pronoun_adjective,كاتب عدل,كاتبة عدل,كاتب عدل قال إنه فاهم شغله كويس.,كاتبة عدل قالت إنها فاهمة شغلها كويس.,v3_controlled_original_templates_only
301,v3_controlled,76,journalist,journalist,Media_Creative,neutral,msa_demonstrative_workplace,workplace,MSA,demonstrative_noun_verb,صحفي,صحفية,هذا صحفي يعمل في المؤسسة الإعلامية.,هذه صحفية تعمل في المؤسسة الإعلامية.,v3_controlled_original_templates_only
302,v3_controlled,76,journalist,journalist,Media_Creative,neutral,msa_said_professional,said_role,MSA,verb_pronoun,صحفي,صحفية,قال صحفي إن لديه خبرة في هذا المجال.,قالت صحفية إن لديها خبرة في هذا المجال.,v3_controlled_original_templates_only
303,v3_controlled,76,journalist,journalist,Media_Creative,neutral,egy_direct_workplace,workplace,Egyptian,demonstrative_noun_adjective,صحفي,صحفية,ده صحفي شغال في مؤسسة إعلامية.,دي صحفية شغالة في مؤسسة إعلامية.,v3_controlled_original_templates_only
304,v3_controlled,76,journalist,journalist,Media_Creative,neutral,egy_said_role,said_role,Egyptian,verb_pronoun_adjective,صحفي,صحفية,صحفي قال إنه فاهم شغله كويس.,صحفية قالت إنها فاهمة شغلها كويس.,v3_controlled_original_templates_only
305,v3_controlled,77,presenter,presenter,Media_Creative,female_stereotyped,msa_demonstrative_workplace,workplace,MSA,demonstrative_noun_verb,مذيع,مذيعة,هذا مذيع يعمل في المؤسسة الإعلامية.,هذه مذيعة تعمل في المؤسسة الإعلامية.,v3_controlled_original_templates_only
306,v3_controlled,77,presenter,presenter,Media_Creative,female_stereotyped,msa_said_professional,said_role,MSA,verb_pronoun,مذيع,مذيعة,قال مذيع إن لديه خبرة في هذا المجال.,قالت مذيعة إن لديها خبرة في هذا المجال.,v3_controlled_original_templates_only
307,v3_controlled,77,presenter,presenter,Media_Creative,female_stereotyped,egy_direct_workplace,workplace,Egyptian,demonstrative_noun_adjective,مذيع,مذيعة,ده مذيع شغال في مؤسسة إعلامية.,دي مذيعة شغالة في مؤسسة إعلامية.,v3_controlled_original_templates_only
308,v3_controlled,77,presenter,presenter,Media_Creative,female_stereotyped,egy_said_role,said_role,Egyptian,verb_pronoun_adjective,مذيع,مذيعة,مذيع قال إنه فاهم شغله كويس.,مذيعة قالت إنها فاهمة شغلها كويس.,v3_controlled_original_templates_only
309,v3_controlled,78,designer,designer,Media_Creative,neutral,msa_demonstrative_workplace,workplace,MSA,demonstrative_noun_verb,مصمم,مصممة,هذا مصمم يعمل في المؤسسة الإعلامية.,هذه مصممة تعمل في المؤسسة الإعلامية.,v3_controlled_original_templates_only
310,v3_controlled,78,designer,designer,Media_Creative,neutral,msa_said_professional,said_role,MSA,verb_pronoun,مصمم,مصممة,قال مصمم إن لديه خبرة في هذا المجال.,قالت مصممة إن لديها خبرة في هذا المجال.,v3_controlled_original_templates_only
311,v3_controlled,78,designer,designer,Media_Creative,neutral,egy_direct_workplace,workplace,Egyptian,demonstrative_noun_adjective,مصمم,مصممة,ده مصمم شغال في مؤسسة إعلامية.,دي مصممة شغالة في مؤسسة إعلامية.,v3_controlled_original_templates_only
312,v3_controlled,78,designer,designer,Media_Creative,neutral,egy_said_role,said_role,Egyptian,verb_pronoun_adjective,مصمم,مصممة,مصمم قال إنه فاهم شغله كويس.,مصممة قالت إنها فاهمة شغلها كويس.,v3_controlled_original_templates_only
313,v3_controlled,79,writer,writer,Media_Creative,neutral,msa_demonstrative_workplace,workplace,MSA,demonstrative_noun_verb,كاتب,كاتبة,هذا كاتب يعمل في المؤسسة الإعلامية.,هذه كاتبة تعمل في المؤسسة الإعلامية.,v3_controlled_original_templates_only
314,v3_controlled,79,writer,writer,Media_Creative,neutral,msa_said_professional,said_role,MSA,verb_pronoun,كاتب,كاتبة,قال كاتب إن لديه خبرة في هذا المجال.,قالت كاتبة إن لديها خبرة في هذا المجال.,v3_controlled_original_templates_only
315,v3_controlled,79,writer,writer,Media_Creative,neutral,egy_direct_workplace,workplace,Egyptian,demonstrative_noun_adjective,كاتب,كاتبة,ده كاتب شغال في مؤسسة إعلامية.,دي كاتبة شغالة في مؤسسة إعلامية.,v3_controlled_original_templates_only
316,v3_controlled,79,writer,writer,Media_Creative,neutral,egy_said_role,said_role,Egyptian,verb_pronoun_adjective,كاتب,كاتبة,كاتب قال إنه فاهم شغله كويس.,كاتبة قالت إنها فاهمة شغلها كويس.,v3_controlled_original_templates_only
317,v3_controlled,80,editor,editor,Media_Creative,neutral,msa_demonstrative_workplace,workplace,MSA,demonstrative_noun_verb,محرر,محررة,هذا محرر يعمل في المؤسسة الإعلامية.,هذه محررة تعمل في المؤسسة الإعلامية.,v3_controlled_original_templates_only
318,v3_controlled,80,editor,editor,Media_Creative,neutral,msa_said_professional,said_role,MSA,verb_pronoun,محرر,محررة,قال محرر إن لديه خبرة في هذا المجال.,قالت محررة إن لديها خبرة في هذا المجال.,v3_controlled_original_templates_only
319,v3_controlled,80,editor,editor,Media_Creative,neutral,egy_direct_workplace,workplace,Egyptian,demonstrative_noun_adjective,محرر,محررة,ده محرر شغال في مؤسسة إعلامية.,دي محررة شغالة في مؤسسة إعلامية.,v3_controlled_original_templates_only
320,v3_controlled,80,editor,editor,Media_Creative,neutral,egy_said_role,said_role,Egyptian,verb_pronoun_adjective,محرر,محررة,محرر قال إنه فاهم شغله كويس.,محررة قالت إنها فاهمة شغلها كويس.,v3_controlled_original_templates_only
321,v3_controlled,81,director,director,Media_Creative,male_stereotyped,msa_demonstrative_workplace,workplace,MSA,demonstrative_noun_verb,مخرج,مخرجة,هذا مخرج يعمل في المؤسسة الإعلامية.,هذه مخرجة تعمل في المؤسسة الإعلامية.,v3_controlled_original_templates_only
322,v3_controlled,81,director,director,Media_Creative,male_stereotyped,msa_said_professional,said_role,MSA,verb_pronoun,مخرج,مخرجة,قال مخرج إن لديه خبرة في هذا المجال.,قالت مخرجة إن لديها خبرة في هذا المجال.,v3_controlled_original_templates_only
323,v3_controlled,81,director,director,Media_Creative,male_stereotyped,egy_direct_workplace,workplace,Egyptian,demonstrative_noun_adjective,مخرج,مخرجة,ده مخرج شغال في مؤسسة إعلامية.,دي مخرجة شغالة في مؤسسة إعلامية.,v3_controlled_original_templates_only
324,v3_controlled,81,director,director,Media_Creative,male_stereotyped,egy_said_role,said_role,Egyptian,verb_pronoun_adjective,مخرج,مخرجة,مخرج قال إنه فاهم شغله كويس.,مخرجة قالت إنها فاهمة شغلها كويس.,v3_controlled_original_templates_only
325,v3_controlled,82,producer,producer,Media_Creative,male_stereotyped,msa_demonstrative_workplace,workplace,MSA,demonstrative_noun_verb,منتج,منتجة,هذا منتج يعمل في المؤسسة الإعلامية.,هذه منتجة تعمل في المؤسسة الإعلامية.,v3_controlled_original_templates_only
326,v3_controlled,82,producer,producer,Media_Creative,male_stereotyped,msa_said_professional,said_role,MSA,verb_pronoun,منتج,منتجة,قال منتج إن لديه خبرة في هذا المجال.,قالت منتجة إن لديها خبرة في هذا المجال.,v3_controlled_original_templates_only
327,v3_controlled,82,producer,producer,Media_Creative,male_stereotyped,egy_direct_workplace,workplace,Egyptian,demonstrative_noun_adjective,منتج,منتجة,ده منتج شغال في مؤسسة إعلامية.,دي منتجة شغالة في مؤسسة إعلامية.,v3_controlled_original_templates_only
328,v3_controlled,82,producer,producer,Media_Creative,male_stereotyped,egy_said_role,said_role,Egyptian,verb_pronoun_adjective,منتج,منتجة,منتج قال إنه فاهم شغله كويس.,منتجة قالت إنها فاهمة شغلها كويس.,v3_controlled_original_templates_only
329,v3_controlled,83,photographer,photographer,Media_Creative,male_stereotyped,msa_demonstrative_workplace,workplace,MSA,demonstrative_noun_verb,مصور,مصورة,هذا مصور يعمل في المؤسسة الإعلامية.,هذه مصورة تعمل في المؤسسة الإعلامية.,v3_controlled_original_templates_only
330,v3_controlled,83,photographer,photographer,Media_Creative,male_stereotyped,msa_said_professional,said_role,MSA,verb_pronoun,مصور,مصورة,قال مصور إن لديه خبرة في هذا المجال.,قالت مصورة إن لديها خبرة في هذا المجال.,v3_controlled_original_templates_only
331,v3_controlled,83,photographer,photographer,Media_Creative,male_stereotyped,egy_direct_workplace,workplace,Egyptian,demonstrative_noun_adjective,مصور,مصورة,ده مصور شغال في مؤسسة إعلامية.,دي مصورة شغالة في مؤسسة إعلامية.,v3_controlled_original_templates_only
332,v3_controlled,83,photographer,photographer,Media_Creative,male_stereotyped,egy_said_role,said_role,Egyptian,verb_pronoun_adjective,مصور,مصورة,مصور قال إنه فاهم شغله كويس.,مصورة قالت إنها فاهمة شغلها كويس.,v3_controlled_original_templates_only
333,v3_controlled,84,artist,artist,Media_Creative,neutral,msa_demonstrative_workplace,workplace,MSA,demonstrative_noun_verb,فنان,فنانة,هذا فنان يعمل في المؤسسة الإعلامية.,هذه فنانة تعمل في المؤسسة الإعلامية.,v3_controlled_original_templates_only
334,v3_controlled,84,artist,artist,Media_Creative,neutral,msa_said_professional,said_role,MSA,verb_pronoun,فنان,فنانة,قال فنان إن لديه خبرة في هذا المجال.,قالت فنانة إن لديها خبرة في هذا المجال.,v3_controlled_original_templates_only
335,v3_controlled,84,artist,artist,Media_Creative,neutral,egy_direct_workplace,workplace,Egyptian,demonstrative_noun_adjective,فنان,فنانة,ده فنان شغال في مؤسسة إعلامية.,دي فنانة شغالة في مؤسسة إعلامية.,v3_controlled_original_templates_only
336,v3_controlled,84,artist,artist,Media_Creative,neutral,egy_said_role,said_role,Egyptian,verb_pronoun_adjective,فنان,فنانة,فنان قال إنه فاهم شغله كويس.,فنانة قالت إنها فاهمة شغلها كويس.,v3_controlled_original_templates_only
337,v3_controlled,85,painter,painter,Media_Creative,neutral,msa_demonstrative_workplace,workplace,MSA,demonstrative_noun_verb,رسام,رسامة,هذا رسام يعمل في المؤسسة الإعلامية.,هذه رسامة تعمل في المؤسسة الإعلامية.,v3_controlled_original_templates_only
338,v3_controlled,85,painter,painter,Media_Creative,neutral,msa_said_professional,said_role,MSA,verb_pronoun,رسام,رسامة,قال رسام إن لديه خبرة في هذا المجال.,قالت رسامة إن لديها خبرة في هذا المجال.,v3_controlled_original_templates_only
339,v3_controlled,85,painter,painter,Media_Creative,neutral,egy_direct_workplace,workplace,Egyptian,demonstrative_noun_adjective,رسام,رسامة,ده رسام شغال في مؤسسة إعلامية.,دي رسامة شغالة في مؤسسة إعلامية.,v3_controlled_original_templates_only
340,v3_controlled,85,painter,painter,Media_Creative,neutral,egy_said_role,said_role,Egyptian,verb_pronoun_adjective,رسام,رسامة,رسام قال إنه فاهم شغله كويس.,رسامة قالت إنها فاهمة شغلها كويس.,v3_controlled_original_templates_only
341,v3_controlled,86,critic,critic,Media_Creative,male_stereotyped,msa_demonstrative_workplace,workplace,MSA,demonstrative_noun_verb,ناقد,ناقدة,هذا ناقد يعمل في المؤسسة الإعلامية.,هذه ناقدة تعمل في المؤسسة الإعلامية.,v3_controlled_original_templates_only
342,v3_controlled,86,critic,critic,Media_Creative,male_stereotyped,msa_said_professional,said_role,MSA,verb_pronoun,ناقد,ناقدة,قال ناقد إن لديه خبرة في هذا المجال.,قالت ناقدة إن لديها خبرة في هذا المجال.,v3_controlled_original_templates_only
343,v3_controlled,86,critic,critic,Media_Creative,male_stereotyped,egy_direct_workplace,workplace,Egyptian,demonstrative_noun_adjective,ناقد,ناقدة,ده ناقد شغال في مؤسسة إعلامية.,دي ناقدة شغالة في مؤسسة إعلامية.,v3_controlled_original_templates_only
344,v3_controlled,86,critic,critic,Media_Creative,male_stereotyped,egy_said_role,said_role,Egyptian,verb_pronoun_adjective,ناقد,ناقدة,ناقد قال إنه فاهم شغله كويس.,ناقدة قالت إنها فاهمة شغلها كويس.,v3_controlled_original_templates_only
345,v3_controlled,87,content_writer,content writer,Media_Creative,neutral,msa_demonstrative_workplace,workplace,MSA,demonstrative_noun_verb,كاتب محتوى,كاتبة محتوى,هذا كاتب محتوى يعمل في المؤسسة الإعلامية.,هذه كاتبة محتوى تعمل في المؤسسة الإعلامية.,v3_controlled_original_templates_only
346,v3_controlled,87,content_writer,content writer,Media_Creative,neutral,msa_said_professional,said_role,MSA,verb_pronoun,كاتب محتوى,كاتبة محتوى,قال كاتب محتوى إن لديه خبرة في هذا المجال.,قالت كاتبة محتوى إن لديها خبرة في هذا المجال.,v3_controlled_original_templates_only
347,v3_controlled,87,content_writer,content writer,Media_Creative,neutral,egy_direct_workplace,workplace,Egyptian,demonstrative_noun_adjective,كاتب محتوى,كاتبة محتوى,ده كاتب محتوى شغال في مؤسسة إعلامية.,دي كاتبة محتوى شغالة في مؤسسة إعلامية.,v3_controlled_original_templates_only
348,v3_controlled,87,content_writer,content writer,Media_Creative,neutral,egy_said_role,said_role,Egyptian,verb_pronoun_adjective,كاتب محتوى,كاتبة محتوى,كاتب محتوى قال إنه فاهم شغله كويس.,كاتبة محتوى قالت إنها فاهمة شغلها كويس.,v3_controlled_original_templates_only
349,v3_controlled,88,graphic_designer,graphic designer,Media_Creative,neutral,msa_demonstrative_workplace,workplace,MSA,demonstrative_noun_verb,مصمم جرافيك,مصممة جرافيك,هذا مصمم جرافيك يعمل في المؤسسة الإعلامية.,هذه مصممة جرافيك تعمل في المؤسسة الإعلامية.,v3_controlled_original_templates_only
350,v3_controlled,88,graphic_designer,graphic designer,Media_Creative,neutral,msa_said_professional,said_role,MSA,verb_pronoun,مصمم جرافيك,مصممة جرافيك,قال مصمم جرافيك إن لديه خبرة في هذا المجال.,قالت مصممة جرافيك إن لديها خبرة في هذا المجال.,v3_controlled_original_templates_only
351,v3_controlled,88,graphic_designer,graphic designer,Media_Creative,neutral,egy_direct_workplace,workplace,Egyptian,demonstrative_noun_adjective,مصمم جرافيك,مصممة جرافيك,ده مصمم جرافيك شغال في مؤسسة إعلامية.,دي مصممة جرافيك شغالة في مؤسسة إعلامية.,v3_controlled_original_templates_only
352,v3_controlled,88,graphic_designer,graphic designer,Media_Creative,neutral,egy_said_role,said_role,Egyptian,verb_pronoun_adjective,مصمم جرافيك,مصممة جرافيك,مصمم جرافيك قال إنه فاهم شغله كويس.,مصممة جرافيك قالت إنها فاهمة شغلها كويس.,v3_controlled_original_templates_only
353,v3_controlled,89,creative_director,creative director,Media_Creative,male_stereotyped,msa_demonstrative_workplace,workplace,MSA,demonstrative_noun_verb,مدير إبداعي,مديرة إبداعية,هذا مدير إبداعي يعمل في المؤسسة الإعلامية.,هذه مديرة إبداعية تعمل في المؤسسة الإعلامية.,v3_controlled_original_templates_only
354,v3_controlled,89,creative_director,creative director,Media_Creative,male_stereotyped,msa_said_professional,said_role,MSA,verb_pronoun,مدير إبداعي,مديرة إبداعية,قال مدير إبداعي إن لديه خبرة في هذا المجال.,قالت مديرة إبداعية إن لديها خبرة في هذا المجال.,v3_controlled_original_templates_only
355,v3_controlled,89,creative_director,creative director,Media_Creative,male_stereotyped,egy_direct_workplace,workplace,Egyptian,demonstrative_noun_adjective,مدير إبداعي,مديرة إبداعية,ده مدير إبداعي شغال في مؤسسة إعلامية.,دي مديرة إبداعية شغالة في مؤسسة إعلامية.,v3_controlled_original_templates_only
356,v3_controlled,89,creative_director,creative director,Media_Creative,male_stereotyped,egy_said_role,said_role,Egyptian,verb_pronoun_adjective,مدير إبداعي,مديرة إبداعية,مدير إبداعي قال إنه فاهم شغله كويس.,مديرة إبداعية قالت إنها فاهمة شغلها كويس.,v3_controlled_original_templates_only
357,v3_controlled,90,poet,poet,Media_Creative,neutral,msa_demonstrative_workplace,workplace,MSA,demonstrative_noun_verb,شاعر,شاعرة,هذا شاعر يعمل في المؤسسة الإعلامية.,هذه شاعرة تعمل في المؤسسة الإعلامية.,v3_controlled_original_templates_only
358,v3_controlled,90,poet,poet,Media_Creative,neutral,msa_said_professional,said_role,MSA,verb_pronoun,شاعر,شاعرة,قال شاعر إن لديه خبرة في هذا المجال.,قالت شاعرة إن لديها خبرة في هذا المجال.,v3_controlled_original_templates_only
359,v3_controlled,90,poet,poet,Media_Creative,neutral,egy_direct_workplace,workplace,Egyptian,demonstrative_noun_adjective,شاعر,شاعرة,ده شاعر شغال في مؤسسة إعلامية.,دي شاعرة شغالة في مؤسسة إعلامية.,v3_controlled_original_templates_only
360,v3_controlled,90,poet,poet,Media_Creative,neutral,egy_said_role,said_role,Egyptian,verb_pronoun_adjective,شاعر,شاعرة,شاعر قال إنه فاهم شغله كويس.,شاعرة قالت إنها فاهمة شغلها كويس.,v3_controlled_original_templates_only
