arabjobs_row_id,job_title,profession,gender,country,job_category,sub_category
0,فرص عمل موظفة اعمال ادارية - 15 مايو - القاهرة,اعمال المكتب,female,Egypt,خدمة عملاء,خدمة عملاء
1,مدخل بيانات و خدمة عملاء - 15 مايو - القاهرة,خدمة عملاء,female,Egypt,خدمة عملاء,خدمة عملاء
2,دليفري (يشترط إمتلاك دراجة نارية) جوكر خطوط القاهره والجيزه - 15 مايو - القاهرة,قيادة الدراجات البخارية,male,Egypt,سائقين وتوصيل,سائقين وتوصيل
3,مسئولين مبيعات داخلية (Accessories Promoter - Smart Watches) (القاهرة) - 15 مايو - القاهرة,مبيعات داخلية,neutral,Egypt,مبيعات,مبيعات
5,كول سنتر (اتصالات مصر 2025) (القاهرة و الجيزة فقط) AH - 15 مايو - القاهرة,كول سنتر/Call Center,male,Egypt,خدمة عملاء,خدمة عملاء
6,فرص عمل أخصائى مناقصات - 15 مايو - القاهرة,اعمال المكتب,neutral,Egypt,خدمة عملاء,خدمة عملاء
7,سائق (رخصة درجة ثانية) - 15 مايو - القاهرة,قيادة سيارات ركوب ونقل ثقيل,male,Egypt,سيارات وميكانيك,سيارات وميكانيك
8,مشرف مبيعات خارجية - القاهرة - 15 مايو - القاهرة,مبيعات خارجية وتوزيع,male,Egypt,مبيعات,مبيعات
10,مندوب دعاية لديه سيارة - 15 مايو - القاهرة,مبيعات خارجية وتوزيع,male,Egypt,مبيعات,مبيعات
11,مسؤول مبيعات خارجية ( خبره في مجال الادوات الصحيه ) - 15 مايو - القاهرة,مبيعات خارجية وتوزيع,male,Egypt,مبيعات,مبيعات
12,مبيعات خارجية (قطع غيار السيارات او النقل) - 15 مايو - القاهرة,مبيعات خارجية وتوزيع,neutral,Egypt,مبيعات,مبيعات
13,مدير تسويق و مبيعات خبرة في الادوات الصحية (يمتلك سيارة) - 15 مايو - القاهرة,مبيعات خارجية وتوزيع,neutral,Egypt,مبيعات,مبيعات
14,اخصائي مبيعات قطع غيار سيارات (بيع بالتجزئة) (شرط الخبرة) - 15 مايو - القاهرة,مبيعات داخلية,male,Egypt,مبيعات,مبيعات
15,مشرف تنسيق مبيعات داخلية (فروع و كبار عملاء) - 15 مايو - القاهرة,مبيعات داخلية,male,Egypt,مبيعات,مبيعات
16,مسئول مبيعات داخلية - 15 مايو - القاهرة,مبيعات داخلية,neutral,Egypt,مبيعات,مبيعات
17,مسؤولين مبيعات داخلية (Switch Plus) (القاهرة) - 15 مايو - القاهرة,مبيعات داخلية,neutral,Egypt,مبيعات,مبيعات
18,امين خزينه (خبرة فى مجال الاغذية)( القطاميه) - 15 مايو - القاهرة,امانة صندوق,male,Egypt,مالية ومحاسبة,تأمين
19,مطور مكتبة إلكترونية - 15 مايو - القاهرة,برمجة,neutral,Egypt,تكنولوجيا المعلومات,تكنولوجيا المعلومات
22,فرص عمل اخصائى تخطيط ( Planning Specialist ) - 15 مايو - القاهرة,اعمال لوجيستية,male,Egypt,موارد بشرية,موارد بشرية
23,مصمم واجهات مواقع - 15 مايو - القاهرة,تصميم موقع الانترنت,neutral,Egypt,تكنولوجيا المعلومات,تكنولوجيا المعلومات
26,سائق رخصه مهنيه اولي - 15 مايو - القاهرة,قيادة سيارات ركوب ونقل ثقيل,male,Egypt,سيارات وميكانيك,سيارات وميكانيك
30,مشرف مبيعات - 15 مايو - القاهرة,مبيعات خارجية وتوزيع,male,Egypt,مبيعات,مبيعات
31,مسؤول تسويق إلكتروني - Digital Marketing Specialist - 15 مايو - القاهرة,تسويق إلكترونى/ سوشيال ميديا,neutral,Egypt,تسويق,تسويق
33,فرص عمل امين مخزن (يشترط الخبرة) - 15 مايو - القاهرة,ادارة المخازن,male,Egypt,إدارة وسكرتارية,إدارة وسكرتارية
34,فرص عمل سكرتارية واستقبال - 15 مايو - القاهرة,سكرتارية واستقبال,neutral,Egypt,خدمة عملاء,خدمة عملاء
35,فرص عمل موظف امن ادارى - 15 مايو - القاهرة,اعمال الامن,male,Egypt,أمن وحراسة,أمن وحراسة
36,مندوبين مبيعات خارجية (مواد غذائية) - القاهرة - 15 مايو - القاهرة,مبيعات خارجية وتوزيع,neutral,Egypt,مبيعات,مبيعات
37,فرص عمل مشرف مخازن (يشترط خبرة مصانع) - 15 مايو - القاهرة,ادارة المخازن,male,Egypt,إدارة وسكرتارية,إدارة وسكرتارية
38,فرص عمل عمال مخازن - 15 مايو - القاهرة,اعمال المخازن,neutral,Egypt,صناعة وتجزئة,صناعة وتجزئة
39,سائق جامبو (رخصة درجة أولى او درجه ثانية) - 15 مايو - القاهرة,قيادة سيارات ركوب ونقل ثقيل,male,Egypt,سيارات وميكانيك,سيارات وميكانيك
40,مراقب إنتاج ومخزون - 15 مايو - القاهرة,النسيج والملابس الجاهزة,neutral,Egypt,فنيين وحرفيين,فنيين وحرفيين
41,فرص عمل امين مخزن - 15 مايو - القاهرة,ادارة المخازن,male,Egypt,إدارة وسكرتارية,إدارة وسكرتارية
43,مسئول مبيعات داخلية- account manager - 15 مايو - القاهرة,مبيعات داخلية,neutral,Egypt,مبيعات,مبيعات
44,مسئول جودة (خبرة بمجال الملابس) - 15 مايو - القاهرة,جودة,neutral,Egypt,صناعة وتجزئة,صناعة وتجزئة
45,فنيين ميكانيكا تركيبات - 15 مايو - القاهرة,صيانة الماكينات,male,Egypt,فنيين وحرفيين,فنيين وحرفيين
46,فنيين كهرباء - 15 مايو - القاهرة,كهرباء,male,Egypt,فنيين وحرفيين,فنيين وحرفيين
47,مشرف تركيبات خارجية اثاث - 15 مايو - القاهرة,نجارة,neutral,Egypt,فنيين وحرفيين,فنيين وحرفيين
49,مهندس انتاج - 15 مايو - القاهرة,هندسة عمارة وديكور,neutral,Egypt,إعلام وتصميم,تصميم
51,مهندس مكتب فني - 15 مايو - القاهرة,هندسة عمارة وديكور,neutral,Egypt,إعلام وتصميم,تصميم
52,مهندس 3D - 15 مايو - القاهرة,هندسة عمارة وديكور,neutral,Egypt,إعلام وتصميم,تصميم
56,social media moderator - سوشيال ميديا (العمل في إدارة صفحات و تسويق سوشيال ميديا ) - 15 مايو - القاهرة,تسويق إلكترونى/ سوشيال ميديا,neutral,Egypt,تسويق,تسويق
58,بقال (سوبر ماركت) (خبرة بسيطة) - 15 مايو - القاهرة,مبيعات داخلية,male,Egypt,مبيعات,مبيعات
59,فرص عمل اخصائي موارد بشرية - HR Generalist - 15 مايو - القاهرة,موارد بشرية,neutral,Egypt,موارد بشرية,موارد بشرية
60,موظف مبيعات داخلية - 15 مايو - القاهرة,مبيعات داخلية,female,Egypt,مبيعات,مبيعات
61,مسئول مبيعات خارجية (يفضل إمتلاك سيارة) - 15 مايو - القاهرة,مبيعات خارجية وتوزيع,male,Egypt,مبيعات,مبيعات
62,مسئولة مبيعات داخلية - Sales Indoor - 15 مايو - القاهرة,مبيعات داخلية,female,Egypt,مبيعات,مبيعات
65,مندوب دعاية لديه سيارة - ابشواى - الفيوم,مبيعات خارجية وتوزيع,male,Egypt,مبيعات,مبيعات
66,مندوب دعاية (يشترط امتلاك سيارة) - ابشواى - الفيوم,مندوب تسويق,male,Egypt,مبيعات,مبيعات
67,اخصائى مبيعات - ابنوب - اسيوط,مبيعات خارجية وتوزيع,male,Egypt,مبيعات,مبيعات
68,مندوب دعاية لديه سيارة - ابو المطامير - البحيرة,مبيعات خارجية وتوزيع,male,Egypt,مبيعات,مبيعات
70,مسؤولين مبيعات خارجية (Corporate sales Agent) (الدلتا) - ابو المطامير - البحيرة,مبيعات خارجية وتوزيع,neutral,Egypt,مبيعات,مبيعات
71,اخصائى مبيعات - ابو النمرس - الجيزة,مبيعات خارجية وتوزيع,male,Egypt,مبيعات,مبيعات
73,مسئول مبيعات داخلية - ابو النمرس - الجيزة,مبيعات داخلية,neutral,Egypt,مبيعات,مبيعات
77,سائق مبيعات (رخصة درجة ثانية) - ابو النمرس - الجيزة,قيادة سيارات ركوب ونقل ثقيل,male,Egypt,سيارات وميكانيك,سيارات وميكانيك
78,وكيل استعلام و تحصيل (الجيزة) - ابو النمرس - الجيزة,تحصيل,male,Egypt,مالية ومحاسبة,تأمين
79,سائق - ابو النمرس - الجيزة,قيادة سيارات ركوب ونقل ثقيل,male,Egypt,سيارات وميكانيك,سيارات وميكانيك
80,مبيعات داخلية - Sales Indoor - ابو النمرس - الجيزة,مبيعات داخلية,male,Egypt,مبيعات,مبيعات
81,سائق ( رخصة درجة أولى او ثانية ) - ابو النمرس - الجيزة,قيادة سيارات ركوب ونقل ثقيل,male,Egypt,سيارات وميكانيك,سيارات وميكانيك
82,فرص عمل اخصائى لوجيستيك - logistics coordinator - ابو النمرس - الجيزة,اعمال لوجيستية,male,Egypt,موارد بشرية,موارد بشرية
83,سائق جامبو (رخصة مهنية درجة ثانية) - ابو النمرس - الجيزة,قيادة سيارات ركوب ونقل ثقيل,male,Egypt,سيارات وميكانيك,سيارات وميكانيك
84,سائق - ابو النمرس - الجيزة,قيادة سيارات ركوب ونقل ثقيل,male,Egypt,سيارات وميكانيك,سيارات وميكانيك
85,فرص عمل عامل نظافة الفرع - ابو النمرس - الجيزة,اعمال النظافة,male,Egypt,خدمات تنظيف,نظافة
86,فرص عمل فرد امن (12 ساعة) - ابو حماد - الشرقية,اعمال الامن,male,Egypt,أمن وحراسة,أمن وحراسة
87,مندوبين مبيعات خارجية - ابو حماد - الشرقية,مبيعات خارجية وتوزيع,neutral,Egypt,مبيعات,مبيعات
88,مندوب دعاية لديه سيارة - ابو حماد - الشرقية,مبيعات خارجية وتوزيع,male,Egypt,مبيعات,مبيعات
89,مسؤولين مبيعات خارجية (Corporate sales Agent) (الدلتا) - ابو حماد - الشرقية,مبيعات خارجية وتوزيع,neutral,Egypt,مبيعات,مبيعات
90,مزارع تنسيق حدائق - ابو حماد - الشرقية,تنسيق حدائق ولاند سكيب,male,Egypt,فنيين وحرفيين,زراعة
92,فرص عمل اخصائي الموارد البشرية - HR Generalist - ابو حماد - الشرقية,موارد بشرية,neutral,Egypt,موارد بشرية,موارد بشرية
93,فني تبريد ( أمونيا) - ابو حماد - الشرقية,التبريد والتكييف,male,Egypt,فنيين وحرفيين,فنيين وحرفيين
95,عامل انتاج - ابو حماد - الشرقية,فنيين وعمال إنتاج,male,Egypt,فنيين وحرفيين,فنيين وحرفيين
96,مندوب مشتريات (يشترط ان يكون لديه سيارة) - ابو حماد - الشرقية,مندوب مشتريات,neutral,Egypt,مبيعات,مبيعات
97,سائق كلارك (كهرباء) - ابو حماد - الشرقية,قيادة الاوناش والمعدات الثقيلة,male,Egypt,سائقين وتوصيل,سائقين وتوصيل
99,سائق درجة ثانية او ثالثة ( العاشر من رمضان ) - ابو حماد - الشرقية,قيادة سيارات ركوب ونقل ثقيل,male,Egypt,سيارات وميكانيك,سيارات وميكانيك
100,وكيل استعلام وتحصيل (الشرقية) - ابو حماد - الشرقية,تحصيل,male,Egypt,مالية ومحاسبة,تأمين
101,فني تبريد وتكييف مركزي (تشيلر وسبليتر) - ابو زينما - جنوب سيناء,التبريد والتكييف,male,Egypt,فنيين وحرفيين,فنيين وحرفيين
102,فني كهرباء كنترول و باور - ابو زينما - جنوب سيناء,كهرباء,male,Egypt,فنيين وحرفيين,فنيين وحرفيين
104,مندوب دعاية لديه سيارة - ابو طشت - قنا,مبيعات خارجية وتوزيع,male,Egypt,مبيعات,مبيعات
106,وكيل استعلام وتحصيل (المنيا) - ابو قرقاص - المنيا,تحصيل,male,Egypt,مالية ومحاسبة,تأمين
107,فرص عمل مدخل بيانات منتجات - ابو قير - الاسكندرية,ادخال بيانات,female,Egypt,إدارة وسكرتارية,إدارة وسكرتارية
109,مبيعات خارجية (قطع غيار السيارات او النقل) - ابو قير - الاسكندرية,مبيعات خارجية وتوزيع,neutral,Egypt,مبيعات,مبيعات
110,مسؤولين مبيعات داخلية (العمل بفروع اورانج) (اسكندرية) - ابو قير - الاسكندرية,مبيعات داخلية,neutral,Egypt,مبيعات,مبيعات
111,مسئول مبيعات داخلية - ابو قير - الاسكندرية,مبيعات داخلية,neutral,Egypt,مبيعات,مبيعات
112,سائق رخصة درجة ثانية ( جامبو ) - ابو قير - الاسكندرية,قيادة سيارات ركوب ونقل ثقيل,male,Egypt,سيارات وميكانيك,سيارات وميكانيك
113,مدير منطقة مبيعات خارجية (اسكندرية ) - ابو قير - الاسكندرية,مبيعات خارجية وتوزيع,male,Egypt,مبيعات,مبيعات
114,سائق - ابو قير - الاسكندرية,قيادة سيارات ركوب ونقل ثقيل,male,Egypt,سيارات وميكانيك,سيارات وميكانيك
119,مندوب دعاية بالدقهلية ( يشترط سيارة ) - اجا - الدقهلية,مبيعات خارجية وتوزيع,male,Egypt,مبيعات,مبيعات
120,مشرف مبيعات خارجية (مجال المواد الغذائية) يشترط خبرة - اجا - الدقهلية,مبيعات خارجية وتوزيع,male,Egypt,مبيعات,مبيعات
121,مسؤولين مبيعات خارجية (Corporate sales Agent) (الدلتا) - اجا - الدقهلية,مبيعات خارجية وتوزيع,neutral,Egypt,مبيعات,مبيعات
123,مسئول مبيعات خارجية و تسويق - اجا - الدقهلية,مبيعات خارجية وتوزيع,male,Egypt,مبيعات,مبيعات
124,وكيل استعلام و تحصيل (الدقهلية) - اجا - الدقهلية,تحصيل,male,Egypt,مالية ومحاسبة,تأمين
125,مسئول مبيعات داخلية - اجا - الدقهلية,مبيعات داخلية,neutral,Egypt,مبيعات,مبيعات
126,صراف - امين خزينة - اجا - الدقهلية,امانة صندوق,male,Egypt,مالية ومحاسبة,تأمين
127,مندوب توصيل (يشترط امتلاك دراجة نارية) - اخميم - سوهاج,قيادة الدراجات البخارية,male,Egypt,سائقين وتوصيل,سائقين وتوصيل
128,مسئول مبيعات خارجية و تسويق - اخميم - سوهاج,مبيعات خارجية وتوزيع,male,Egypt,مبيعات,مبيعات
130,مسؤول حركة و نقل - اخميم - سوهاج,اشراف حركة,male,Egypt,أمن وحراسة,أمن وحراسة
132,مسئول مبيعات داخلية - اسوان - اسوان,مبيعات داخلية,neutral,Egypt,مبيعات,مبيعات
133,مطور (مروج) مبيعات - اسوان - اسوان,مبيعات خارجية وتوزيع,neutral,Egypt,مبيعات,مبيعات
134,مندوب توزيع و تسويق - اسوان - اسوان,مندوب تسويق,male,Egypt,مبيعات,مبيعات
136,فرص عمل عامل نظافة - اسيوط - اسيوط,اعمال النظافة,male,Egypt,خدمات تنظيف,نظافة
137,فني انتاج - اسيوط - اسيوط,فنيين وعمال إنتاج,male,Egypt,فنيين وحرفيين,فنيين وحرفيين
138,فني كهرباء - اسيوط - اسيوط,كهرباء,male,Egypt,فنيين وحرفيين,فنيين وحرفيين
139,فني تبريد وتكييف مركزي (تشيلر وسبليتر) - اسيوط - اسيوط,التبريد والتكييف,male,Egypt,فنيين وحرفيين,فنيين وحرفيين
140,فني ميكانيكا - اسيوط - اسيوط,صيانة الماكينات,male,Egypt,فنيين وحرفيين,فنيين وحرفيين
141,مشرف مبيعات خارجية - اسيوط - اسيوط,مبيعات خارجية وتوزيع,male,Egypt,مبيعات,مبيعات
143,مدير منطقة مبيعات خارجية - اسيوط - اسيوط,مبيعات خارجية وتوزيع,neutral,Egypt,مبيعات,مبيعات
144,مندوب دعاية ( لديه سيارة )( اسيوط ) - اسيوط - اسيوط,مبيعات خارجية وتوزيع,neutral,Egypt,مبيعات,مبيعات
146,مسئول مبيعات داخلية - اسيوط - اسيوط,مبيعات داخلية,male,Egypt,مبيعات,مبيعات
147,مسؤول دعاية و تسويق - اسيوط - اسيوط,مندوب تسويق,male,Egypt,مبيعات,مبيعات
148,مبيعات - اسيوط - اسيوط,مندوب تسويق,neutral,Egypt,مبيعات,مبيعات
150,فنى تركيب زجاج سيارات - اسيوط - اسيوط,خدمات وإكسسوارات سيارات,male,Egypt,سيارات وميكانيك,سيارات وميكانيك
151,مساح - اسيوط - اسيوط,مساحة طرق,male,Egypt,فنيين وحرفيين,فنيين وحرفيين
152,مساعد شيف حلوانى شرقى و غربى - اسيوط - اسيوط,الطبخ,male,Egypt,رعاية صحية,طب
153,مدير منطقة مبيعات خارجية (الصعيد) - اسيوط - اسيوط,مبيعات خارجية وتوزيع,male,Egypt,مبيعات,مبيعات
154,مطور (مروج) مبيعات - اسيوط - اسيوط,مبيعات خارجية وتوزيع,neutral,Egypt,مبيعات,مبيعات
155,مسئول مبيعات خارجية و تسويق - اشمون - المنوفية,مبيعات خارجية وتوزيع,male,Egypt,مبيعات,مبيعات
159,مندوب دعاية لديه سيارة - اشمون - المنوفية,مبيعات خارجية وتوزيع,male,Egypt,مبيعات,مبيعات
160,اخصائى مبيعات - اشمون - المنوفية,مبيعات خارجية وتوزيع,male,Egypt,مبيعات,مبيعات
161,مسئول مبيعات داخلية - اشمون - المنوفية,مبيعات داخلية,neutral,Egypt,مبيعات,مبيعات
163,مشرف مبيعات خارجية - اشمون - المنوفية,مبيعات خارجية وتوزيع,male,Egypt,مبيعات,مبيعات
164,مسئول تسويق خارجي و دعاية (خبرة بالدهانات فقط) - اشمون - المنوفية,مبيعات خارجية وتوزيع,male,Egypt,مبيعات,مبيعات
166,مندوب دعاية لديه سيارة - الاباصيرى - بني سويف,مبيعات خارجية وتوزيع,male,Egypt,مبيعات,مبيعات
167,مسئول مبيعات داخلية - الاباصيرى - بني سويف,مبيعات داخلية,neutral,Egypt,مبيعات,مبيعات
170,باريستا - الابراهيمية - الاسكندرية,تقديم الاطعمة والمشروبات,male,Egypt,سياحة ومطاعم,فندقة ومطاعم
171,مشرف مبيعات خارجية - الابراهيمية - الاسكندرية,مبيعات خارجية وتوزيع,male,Egypt,مبيعات,مبيعات
172,مسئول تعاقدات - Contracting Representative - الابراهيمية - الاسكندرية,مبيعات خارجية وتوزيع,neutral,Egypt,مبيعات,مبيعات
174,مشرف امن وسلامة مهنية - الابراهيمية - الاسكندرية,سلامة وصحة مهنية وأمن صناعى,male,Egypt,رعاية صحية,علوم ورعاية صحية
175,مناديب تسويق ومبيعات - ( يمتلك سياره خاصه ) - الابراهيمية - الاسكندرية,مبيعات خارجية وتوزيع,male,Egypt,مبيعات,مبيعات
177,بروموتر (مبيعات داخلية موبيلات و اكسسوارات) - الابراهيمية - الشرقية,مبيعات داخلية,neutral,Egypt,مبيعات,مبيعات
178,فرص عمل مشرف امن - الابراهيمية - الاسكندرية,اعمال الامن,male,Egypt,أمن وحراسة,أمن وحراسة
179,مسئول سوشيال ميديا - الازاريطة - الاسكندرية,تسويق إلكترونى/ سوشيال ميديا,neutral,Egypt,تسويق,تسويق
180,مسؤول مبيعات خارجية (القاهرة) - الازبكية - القاهرة,مبيعات خارجية وتوزيع,male,Egypt,مبيعات,مبيعات
181,فرص عمل مديرة فرع (توكيل فرنسي ملابس حريمي) - الازبكية - القاهرة,ادارة فروع,female,Egypt,إدارة وسكرتارية,إدارة وسكرتارية
182,مسئول مبيعات داخلية ( بى موبايل ) - الازبكية - القاهرة,مبيعات داخلية,neutral,Egypt,مبيعات,مبيعات
183,مشرف تنسيق (مواد غذائية) - merchandising supervisor - الازبكية - القاهرة,مبيعات خارجية وتوزيع,neutral,Egypt,مبيعات,مبيعات
185,فرص عمل مسئول تشغيلات نقل و شحن و تفريغ - الازبكية - القاهرة,اعمال لوجيستية,male,Egypt,موارد بشرية,موارد بشرية
186,مسئول مبيعات داخلية بفروع (xiaomi) - الازبكية - القاهرة,مبيعات داخلية,male,Egypt,مبيعات,مبيعات
188,فرص عمل امين مخزن - الاسماعلية - الاسماعيلية,ادارة المخازن,neutral,Egypt,إدارة وسكرتارية,إدارة وسكرتارية
189,موظف خدمة عملاء داخل الفرع - الاسماعلية - الاسماعيلية,خدمة عملاء,neutral,Egypt,خدمة عملاء,خدمة عملاء
190,مشرف فنيين صيانة خارجية - الاسماعيلية - الاسماعلية - الاسماعيلية,صيانة اجهزة كهربائية,male,Egypt,فنيين وحرفيين,فنيين وحرفيين
191,سائق توزيع (رخصة مهنيه ثانية) - شركة بيبسي - اسماعيليه - الاسماعلية - الاسماعيلية,مبيعات خارجية وتوزيع,male,Egypt,مبيعات,مبيعات
193,سائق توزيع - اسماعيليه - رخصه درجة ثانية - الاسماعلية - الاسماعيلية,مبيعات خارجية وتوزيع,male,Egypt,مبيعات,مبيعات
194,مسئول مبيعات داخلية (الاسماعلية) - الاسماعلية - الاسماعيلية,مبيعات داخلية,neutral,Egypt,مبيعات,مبيعات
195,منسق عينات - الاسماعلية - الاسماعيلية,النسيج والملابس الجاهزة,neutral,Egypt,فنيين وحرفيين,فنيين وحرفيين
197,مندوب دعاية لديه سيارة - الاسماعلية - الاسماعيلية,مبيعات خارجية وتوزيع,male,Egypt,مبيعات,مبيعات
198,اخصائي مبيعات قطع غيار سيارات (بيع بالتجزئة) (شرط الخبرة) - الاسماعلية - الاسماعيلية,مبيعات داخلية,male,Egypt,مبيعات,مبيعات
201,مندوب تسويق - الأقصر - الاقصر - الأقصر,مندوب تسويق,male,Egypt,مبيعات,مبيعات
202,مطور (مروج) مبيعات - الاقصر - الأقصر,مبيعات خارجية وتوزيع,neutral,Egypt,مبيعات,مبيعات
205,فني ظبط زوايا اطارات نقل ثقيل و ملاكي - الاقصر - الأقصر,خدمات وإكسسوارات سيارات,male,Egypt,سيارات وميكانيك,سيارات وميكانيك
206,فني فك وتركيب إطارات نقل ثقيل - الاقصر - الأقصر,خدمات وإكسسوارات سيارات,male,Egypt,سيارات وميكانيك,سيارات وميكانيك
207,فرص عمل فني غسيل سيارات - الاقصر - الأقصر,غسيل سيارات,male,Egypt,سيارات وميكانيك,سيارات وميكانيك
209,فرص عمل سكرتيرة - الانفوشى - الاسكندرية,سكرتارية واستقبال,female,Egypt,خدمة عملاء,خدمة عملاء
210,مندوب مشتريات - الانفوشى - الاسكندرية,مندوب مشتريات,male,Egypt,مبيعات,مبيعات
212,مهندس مكتب فنى - الانفوشى - الاسكندرية,هندسة مواد,neutral,Egypt,هندسة,هندسة
217,سائق (رخصة خاصة او مهنية) - البدرشين - الجيزة,قيادة سيارات ركوب ونقل ثقيل,male,Egypt,سيارات وميكانيك,سيارات وميكانيك
218,مندوبين مبيعات هوريكا (كافيهات ومطاعم) - القاهرة-الجيزة - البساتين - القاهرة,مبيعات خارجية وتوزيع,neutral,Egypt,مبيعات,مبيعات
219,سائقين (رخصة مهنية) - البساتين - القاهرة,قيادة سيارات ركوب ونقل ثقيل,male,Egypt,سيارات وميكانيك,سيارات وميكانيك
220,سائقين رخصه مهنيه -( درجه اولى وثانيه ) - البساتين - القاهرة,قيادة سيارات ركوب ونقل ثقيل,male,Egypt,سيارات وميكانيك,سيارات وميكانيك
223,مندوبين توصيل طلبات (لا يشترط إمتلاك موتوسيكل) - البساتين - القاهرة,قيادة الدراجات البخارية,male,Egypt,سائقين وتوصيل,سائقين وتوصيل
224,خدمة عملاء (إناث) - البساتين - القاهرة,خدمة عملاء,female,Egypt,خدمة عملاء,خدمة عملاء
225,مبيعات داخلية - sales indoor - البساتين - القاهرة,مبيعات داخلية,neutral,Egypt,مبيعات,مبيعات
226,تسويق إلكتروني (خبرة فى سوشيال ميديا) - البساتين - القاهرة,تسويق إلكترونى/ سوشيال ميديا,neutral,Egypt,تسويق,تسويق
228,مهندس صيانة سيارات - البساتين - القاهرة,هندسة كهرباء واتصالات,male,Egypt,هندسة,هندسة
230,مندوب مشتريات (ذكور) - البساتين - القاهرة,مندوب مشتريات,male,Egypt,مبيعات,مبيعات
231,عضو فريق مطعم ( crew ) دوام كامل - البساتين - القاهرة,تقديم الاطعمة والمشروبات,neutral,Egypt,سياحة ومطاعم,فندقة ومطاعم
232,فرص عمل عامل بوفيه - البساتين - القاهرة,ساعي بوفيه/Office Boy,male,Egypt,سياحة ومطاعم,فندقة ومطاعم
233,Fleet Supervisor مشرف حركة - البساتين - القاهرة,اشراف حركة,male,Egypt,أمن وحراسة,أمن وحراسة
234,فرص عمل عامل مخزن - البساتين - القاهرة,اعمال المخازن,male,Egypt,صناعة وتجزئة,صناعة وتجزئة
235,فني الكترونيات و لحام كرتات الكترونية - البساتين - القاهرة,فنيين صيانة هواتف محمولة,neutral,Egypt,فنيين وحرفيين,فنيين وحرفيين
237,فني تبريد وتكييف سيارات - البساتين - القاهرة,تكييف السيارات,male,Egypt,سيارات وميكانيك,سيارات وميكانيك
238,سائقين (رخصة مهنية درجة أولى او ثانية او ثالثة ) - البساتين - القاهرة,قيادة سيارات ركوب ونقل ثقيل,male,Egypt,سيارات وميكانيك,سيارات وميكانيك
240,فرص عمل امين مخزن (يشترط الخبرة) - البساتين - القاهرة,ادارة المخازن,neutral,Egypt,إدارة وسكرتارية,إدارة وسكرتارية
241,شيف ايس كريم - البساتين - القاهرة,الطبخ,male,Egypt,رعاية صحية,طب
242,كاشير (ذكور) - البساتين - القاهرة,كاشير,male,Egypt,إدارة وسكرتارية,إدارة وسكرتارية
245,فرص عمل استيوارد (عامل نظافة) - البساتين - القاهرة,اعمال النظافة,neutral,Egypt,خدمات تنظيف,نظافة
247,باريستا (يشترط الخبرة) - التبين - القاهرة,تقديم الاطعمة والمشروبات,neutral,Egypt,سياحة ومطاعم,فندقة ومطاعم
248,مسئول مبيعات خارجية - Sales Outdoor - التجمع الاول - القاهرة,مبيعات خارجية وتوزيع,neutral,Egypt,مبيعات,مبيعات
249,باص بوي (مساعد ويتر) - التجمع الاول - القاهرة,تقديم الاطعمة والمشروبات,male,Egypt,سياحة ومطاعم,فندقة ومطاعم
250,استيوارد مطبخ (كرو كيتشن) - التجمع الاول - القاهرة,نظافة واشراف داخلي,male,Egypt,خدمات تنظيف,نظافة
252,مسئول مبيعات داخلية - التجمع الاول - القاهرة,مبيعات داخلية,neutral,Egypt,مبيعات,مبيعات
253,ديمي شيف سخن (يشترط خبرة) - التجمع الاول - القاهرة,الطبخ,neutral,Egypt,رعاية صحية,طب
254,شيف ديبارتي (سخن) - التجمع الاول - القاهرة,الطبخ,male,Egypt,رعاية صحية,طب
256,فرص عمل مشرف ادارى فرع - التجمع الاول - القاهرة,ادارة فروع,neutral,Egypt,إدارة وسكرتارية,إدارة وسكرتارية
257,مسئول مبيعات داخلية - sales indoor - التجمع الاول - القاهرة,مبيعات داخلية,neutral,Egypt,مبيعات,مبيعات
259,مبيعات داخلية (بائع) التجمع - التجمع الاول - القاهرة,مبيعات داخلية,neutral,Egypt,مبيعات,مبيعات
260,مبيعات داخلية - التجمع الاول - القاهرة,مبيعات داخلية,neutral,Egypt,مبيعات,مبيعات
261,ويتر (ذكور و إناث) - التجمع الاول - القاهرة,تقديم الاطعمة والمشروبات,neutral,Egypt,سياحة ومطاعم,فندقة ومطاعم
262,طيار دليفرى (يمتلك دراجة نارية) - التجمع الاول - القاهرة,قيادة الدراجات البخارية,male,Egypt,سائقين وتوصيل,سائقين وتوصيل
263,مهندس معماري تنفيذي ( مواقع ) - التجمع الاول - القاهرة,هندسة عمارة وديكور,male,Egypt,إعلام وتصميم,تصميم
264,كاشير (ذكور) - التجمع الاول - القاهرة,كاشير,male,Egypt,إدارة وسكرتارية,إدارة وسكرتارية
265,مبيعات داخلية - التجمع الاول - القاهرة,مبيعات داخلية,male,Egypt,مبيعات,مبيعات
266,سائق طلبات توصيل - سائق درجة ثالثة (سعودي سوبر ماركت) - التجمع الاول - القاهرة,قيادة سيارات ركوب ونقل ثقيل,male,Egypt,سيارات وميكانيك,سيارات وميكانيك
268,مهندس موقع (مدني) - التجمع الاول - القاهرة,هندسة مدنية,male,Egypt,هندسة,هندسة
269,مبيعات داخلية - ملابس ( القاهره ) - التجمع الاول - القاهرة,مبيعات داخلية,neutral,Egypt,مبيعات,مبيعات
270,فرص عمل عامل بوفيه-التجمع الخامس - التجمع الاول - القاهرة,ساعي بوفيه/Office Boy,male,Egypt,سياحة ومطاعم,فندقة ومطاعم
271,عضو فريق مطعم ( crew ) دوام كامل - التجمع الاول - القاهرة,تقديم الاطعمة والمشروبات,neutral,Egypt,سياحة ومطاعم,فندقة ومطاعم
272,باريستا - التجمع الاول - القاهرة,تقديم الاطعمة والمشروبات,neutral,Egypt,سياحة ومطاعم,فندقة ومطاعم
273,شيف سخن وتجهيزات (سندوتشيرى-جاردمانجيه) - التجمع الاول - القاهرة,الطبخ,male,Egypt,رعاية صحية,طب
274,مندوب تسويق - التجمع الاول - القاهرة,مندوب تسويق,neutral,Egypt,مبيعات,مبيعات
275,هاوس كيبينج - التجمع الاول - القاهرة,نظافة واشراف داخلي,male,Egypt,خدمات تنظيف,نظافة
276,فرص عمل عامل خدمات و نظافة - ON THE RUN - لابوار - التجمع الاول - القاهرة,اعمال النظافة,male,Egypt,خدمات تنظيف,نظافة
277,اخصائي دعم تطبيقات - التجمع الاول - القاهرة,دعم فنى,female,Egypt,تكنولوجيا المعلومات,تكنولوجيا المعلومات
278,مسئول مبيعات داخلية - التجمع الاول - القاهرة,مبيعات داخلية,neutral,Egypt,مبيعات,مبيعات
279,كاشير (ذكور/اناث)-Marhaba - التجمع الاول - القاهرة,كاشير,neutral,Egypt,إدارة وسكرتارية,إدارة وسكرتارية
280,باريستا - التجمع الاول - القاهرة,تقديم الاطعمة والمشروبات,neutral,Egypt,سياحة ومطاعم,فندقة ومطاعم
281,كاشير - التجمع الاول - القاهرة,كاشير,male,Egypt,إدارة وسكرتارية,إدارة وسكرتارية
282,عضو فريق - Crew - التجمع الاول - القاهرة,تقديم الاطعمة والمشروبات,neutral,Egypt,سياحة ومطاعم,فندقة ومطاعم
283,كاشير (ذكور) - التجمع الاول - القاهرة,كاشير,male,Egypt,إدارة وسكرتارية,إدارة وسكرتارية
284,سيلز عقارات (يشترط الخبرة) - التجمع الاول - القاهرة,تسويق ومبيعات عقارية,male,Egypt,مبيعات,مبيعات
286,فرص عمل عامل نظافة - التجمع الاول - القاهرة,اعمال النظافة,neutral,Egypt,خدمات تنظيف,نظافة
287,مساعد مدير هاوس كيبنج - التجمع الاول - القاهرة,نظافة واشراف داخلي,male,Egypt,خدمات تنظيف,نظافة
288,فرص عمل عامل نظافة و بوفيه (Office Boy ) - التجمع الاول - القاهرة,ساعي بوفيه/Office Boy,male,Egypt,سياحة ومطاعم,فندقة ومطاعم
289,فرص عمل منسق ارفف - التجمع الاول - القاهرة,تنسيق ارفف,neutral,Egypt,صناعة وتجزئة,صناعة وتجزئة
291,فرص عمل أخصائي شئون إدارية - التجمع الاول - القاهرة,اعمال المكتب,male,Egypt,خدمة عملاء,خدمة عملاء
292,فرص عمل سكرتيره - التجمع الاول - القاهرة,سكرتارية واستقبال,female,Egypt,خدمة عملاء,خدمة عملاء
293,عضو فريق (crew) - التجمع الاول - القاهرة,تقديم الاطعمة والمشروبات,neutral,Egypt,سياحة ومطاعم,فندقة ومطاعم
294,فرص عمل فرد أمن و حراسة (12 ساعة) - التجمع الاول - القاهرة,اعمال الامن,male,Egypt,أمن وحراسة,أمن وحراسة
295,فرص عمل منسق مخزن ولوجستيات - Warehouse and logistics coordinator - التجمع الاول - القاهرة,ادارة المخازن,female,Egypt,إدارة وسكرتارية,إدارة وسكرتارية
296,سائق (رخصة درجة ثالثة) - التجمع الاول - القاهرة,قيادة سيارات ركوب ونقل ثقيل,male,Egypt,سيارات وميكانيك,سيارات وميكانيك
297,فرص عمل عامل مخزن - التجمع الاول - القاهرة,اعمال المخازن,male,Egypt,صناعة وتجزئة,صناعة وتجزئة
299,فرص عمل اخصائى اول موارد بشرية - اجور و رواتب - التجمع الاول - القاهرة,موارد بشرية,male,Egypt,موارد بشرية,موارد بشرية
301,مبيعات داخلية (بائع) - التجمع الاول - القاهرة,مبيعات داخلية,neutral,Egypt,مبيعات,مبيعات
302,سائق - التجمع الاول - القاهرة,قيادة سيارات ركوب ونقل ثقيل,male,Egypt,سيارات وميكانيك,سيارات وميكانيك
306,فرص عمل امين مخزن (يشترط الخبرة) - التجمع الاول - القاهرة,ادارة المخازن,male,Egypt,إدارة وسكرتارية,إدارة وسكرتارية
307,مهندس تصميم داخلي 3d - التجمع الاول - القاهرة,هندسة عمارة وديكور,neutral,Egypt,إعلام وتصميم,تصميم
308,مهندس مكتب فني - technical office engineer - التجمع الاول - القاهرة,هندسة عمارة وديكور,neutral,Egypt,إعلام وتصميم,تصميم
309,شيف مطبخ اوربي و بيتزا ايطالي - التجمع الاول - القاهرة,الطبخ,neutral,Egypt,رعاية صحية,طب
310,مهندس معماري - التجمع الاول - القاهرة,هندسة عمارة وديكور,neutral,Egypt,إعلام وتصميم,تصميم
311,مهندس تشطيبات وديكور - التجمع الاول - القاهرة,هندسة عمارة وديكور,neutral,Egypt,إعلام وتصميم,تصميم
313,مشرف معماري - التجمع الاول - القاهرة,هندسة عمارة وديكور,male,Egypt,إعلام وتصميم,تصميم
314,فرص عمل عمال نظافة - التجمع الاول - القاهرة,اعمال النظافة,neutral,Egypt,خدمات تنظيف,نظافة
315,سائق خاص (رخصة خاصة) - التجمع الاول - القاهرة,قيادة سيارات ركوب ونقل ثقيل,male,Egypt,سيارات وميكانيك,سيارات وميكانيك
316,موظف مبيعات داخلية - التجمع الاول - القاهرة,مبيعات داخلية,neutral,Egypt,مبيعات,مبيعات
318,سيلز وكاشير - التجمع الاول - القاهرة,مبيعات داخلية,neutral,Egypt,مبيعات,مبيعات
319,شيف سخن - (وجبات سريعه) - التجمع الخامس - القاهرة,الطبخ,neutral,Egypt,رعاية صحية,طب
320,متلقي طلبات عبر الهاتف (اوردر تيكر) (مطعم) - التجمع الخامس - القاهرة,تسويق ومبيعات عبر الهاتف,neutral,Egypt,مبيعات,مبيعات
321,بائعين (مبيعات داخلية) مجال الحلويات الغربيه والشرقيه - التجمع الخامس - القاهرة,مبيعات داخلية,male,Egypt,مبيعات,مبيعات
322,ويتر (ذكور ) - التجمع الخامس - القاهرة,تقديم الاطعمة والمشروبات,male,Egypt,سياحة ومطاعم,فندقة ومطاعم
323,بائعين داخل الفروع - التجمع الخامس - القاهرة,مبيعات داخلية,neutral,Egypt,مبيعات,مبيعات
324,مسئول مبيعات داخلية ( بى موبايل ) - التجمع الخامس - القاهرة,مبيعات داخلية,neutral,Egypt,مبيعات,مبيعات
325,استقبال - التجمع الخامس - القاهرة,ضيافة و استقبال,female,Egypt,سياحة ومطاعم,فندقة ومطاعم
326,عضو فريق (كرو) - التجمع الخامس - القاهرة,تقديم الاطعمة والمشروبات,neutral,Egypt,سياحة ومطاعم,فندقة ومطاعم
327,كاشير (ذكور) - التجمع الخامس - القاهرة,كاشير,male,Egypt,إدارة وسكرتارية,إدارة وسكرتارية
328,فرص عمل مشرف جروسري - خبره بمجال الماركت - التجمع الخامس - القاهرة,ادارة فروع,male,Egypt,إدارة وسكرتارية,إدارة وسكرتارية
329,شيف تحضيرات (سندوتشات و بيتزا) - التجمع الخامس - القاهرة,الطبخ,male,Egypt,رعاية صحية,طب
330,شيف جبن (سوبر ماركت) - التجمع الخامس - القاهرة,مبيعات داخلية,neutral,Egypt,مبيعات,مبيعات
332,سائق ربع نقل (رخصة مهنية درجة ثالثة) او خاصة - التجمع الخامس - القاهرة,قيادة سيارات ركوب ونقل ثقيل,male,Egypt,سيارات وميكانيك,سيارات وميكانيك
333,عضو فريق - بطاطس اند زلابيا - التجمع الخامس - القاهرة,تقديم الاطعمة والمشروبات,male,Egypt,سياحة ومطاعم,فندقة ومطاعم
334,محضر طلبات - ميفيدا (التجمع الخامس الجامعة الامريكية) - التجمع الخامس - القاهرة,منسق دعاية وعروض/ أشرز,neutral,Egypt,إعلام وتصميم,تصميم
336,فرص عمل منسقين ارفف - التجمع الخامس - القاهرة,تنسيق ارفف,male,Egypt,صناعة وتجزئة,صناعة وتجزئة
337,مسئول مبيعات - Booth Sales Representative - التجمع الخامس - القاهرة,مبيعات داخلية,neutral,Egypt,مبيعات,مبيعات
338,كابتن صالة (خبرة بالمطاعم العالمية) (كاجوال داينينج) - التجمع الخامس - القاهرة,تقديم الاطعمة والمشروبات,male,Egypt,سياحة ومطاعم,فندقة ومطاعم
339,ويتر صالة (خبرة بالمطاعم العالمية - كاجوال داينينج) (التجمع الخامس - القاهرة) - التجمع الخامس - القاهرة,تقديم الاطعمة والمشروبات,neutral,Egypt,سياحة ومطاعم,فندقة ومطاعم
340,فرص عمل سوبر فايزر مطعم -supervisor (مطعم) يشترط الخبرة - التجمع الخامس - القاهرة,ادارة فروع,male,Egypt,إدارة وسكرتارية,إدارة وسكرتارية
341,مسؤل مبيعات خارجية زيوت صناعية - التجمع الخامس - القاهرة,مبيعات خارجية وتوزيع,neutral,Egypt,مبيعات,مبيعات
342,مشرف ملاعب رياضية ( نوادى رياضية ) - التجمع الخامس - القاهرة,مدرب رياضي,male,Egypt,رعاية صحية,علوم ورعاية صحية
343,فرص عمل مسئول قسم الشحن - التجمع الخامس - القاهرة,اعمال لوجيستية,neutral,Egypt,موارد بشرية,موارد بشرية
344,فرص عمل امن اداري (8 ساعات) - التجمع الخامس - القاهرة,اعمال الامن,neutral,Egypt,أمن وحراسة,أمن وحراسة
345,كابتن صالة (مطعم) (يشترط الخبرة) - التجمع الخامس - القاهرة,تقديم الاطعمة والمشروبات,neutral,Egypt,سياحة ومطاعم,فندقة ومطاعم
346,فرص عمل استقبال - التجمع الخامس - القاهرة,سكرتارية واستقبال,neutral,Egypt,خدمة عملاء,خدمة عملاء
347,عامل انتاج - التجمع الخامس - القاهرة,فنيين وعمال إنتاج,neutral,Egypt,فنيين وحرفيين,فنيين وحرفيين
348,مسئول مبيعات (B2B - B2C ) تعاقدات مع شركات و افراد ( Atering \ corporate deals) - التجمع الخامس - القاهرة,مبيعات خارجية وتوزيع,neutral,Egypt,مبيعات,مبيعات
349,فرص عمل عامل نظافة - التجمع الخامس - القاهرة,اعمال النظافة,male,Egypt,خدمات تنظيف,نظافة
350,استيوارد - التجمع الخامس - القاهرة,نظافة واشراف داخلي,male,Egypt,خدمات تنظيف,نظافة
351,استيوارد - التجمع الخامس - القاهرة,نظافة واشراف داخلي,neutral,Egypt,خدمات تنظيف,نظافة
352,عضو فريق (crew) (كاشير ، ويتر، باريستا) - التجمع الخامس - القاهرة,تقديم الاطعمة والمشروبات,male,Egypt,سياحة ومطاعم,فندقة ومطاعم
353,مسئول مبيعات داخلية ( بى موبايل ) - التجمع الخامس - القاهرة,مبيعات داخلية,neutral,Egypt,مبيعات,مبيعات
354,مندوب تحصيل وتوزيع - التجمع الخامس - القاهرة,تحصيل,male,Egypt,مالية ومحاسبة,تأمين
355,مندوب تحصيل - التجمع الخامس - القاهرة,تحصيل,male,Egypt,مالية ومحاسبة,تأمين
356,كابتن اوردر - التجمع الخامس - القاهرة,تقديم الاطعمة والمشروبات,neutral,Egypt,سياحة ومطاعم,فندقة ومطاعم
357,فرص عمل عامل نظافة - التجمع الخامس - القاهرة,اعمال النظافة,male,Egypt,خدمات تنظيف,نظافة
358,فرص عمل عامله بوفيه ونظافة ( اناث فقط) - التجمع الخامس - القاهرة,اعمال النظافة,female,Egypt,خدمات تنظيف,نظافة
359,مشرف هاوس كيبنج ( بالساحل الشمالي ) - التجمع الخامس - القاهرة,نظافة واشراف داخلي,male,Egypt,خدمات تنظيف,نظافة
360,استيوارد (القاهرة) - التجمع الخامس - القاهرة,نظافة واشراف داخلي,male,Egypt,خدمات تنظيف,نظافة
361,مشرف أول هاوس كيبنج-House keeping Senior Supervisor - التجمع الخامس - القاهرة,نظافة واشراف داخلي,male,Egypt,خدمات تنظيف,نظافة
362,استيوارد (عامل نظافة) - التجمع الخامس - القاهرة,نظافة واشراف داخلي,male,Egypt,خدمات تنظيف,نظافة
363,فرص عمل عامل نظافة و بوفية - التجمع الخامس - التجمع الخامس - القاهرة,ساعي بوفيه/Office Boy,neutral,Egypt,سياحة ومطاعم,فندقة ومطاعم
364,فرص عمل افراد امن (لا يشترط خبرة) - التجمع الخامس - القاهرة,اعمال الامن,male,Egypt,أمن وحراسة,أمن وحراسة
365,فرص عمل عاملة بوفيه ونظافة - office girl - التجمع الخامس - القاهرة,ساعي بوفيه/Office Boy,female,Egypt,سياحة ومطاعم,فندقة ومطاعم
366,فرص عمل عامل بوفية ونظافة - التجمع الخامس - القاهرة,ساعي بوفيه/Office Boy,neutral,Egypt,سياحة ومطاعم,فندقة ومطاعم
368,فرص عمل مشرف استلام وشحن معدات توصيل - التجمع الخامس - القاهرة,اعمال لوجيستية,neutral,Egypt,موارد بشرية,موارد بشرية
369,فرص عمل موظف أمن - 8 ساعات - التجمع الخامس - التجمع الخامس - القاهرة,اعمال الامن,male,Egypt,أمن وحراسة,أمن وحراسة
370,مطور - عمل عن بُعد - التجمع الخامس - القاهرة,تصميم موقع الانترنت,neutral,Egypt,تكنولوجيا المعلومات,تكنولوجيا المعلومات
371,تغليف مخبوزات - التجمع الخامس - القاهرة,تعبئة وتغليف المنتجات,male,Egypt,صناعة وتجزئة,صناعة وتجزئة
372,عضو فريق (بانكيكس كافيه) - التجمع الخامس - القاهرة,تقديم الاطعمة والمشروبات,neutral,Egypt,سياحة ومطاعم,فندقة ومطاعم
373,فرص عمل اوفيس بوي و نظافة (ذكور) - التجمع الخامس - القاهرة,ساعي بوفيه/Office Boy,male,Egypt,سياحة ومطاعم,فندقة ومطاعم
374,تلي سيلز - التجمع الخامس - القاهرة,تسويق ومبيعات عبر الهاتف,neutral,Egypt,مبيعات,مبيعات
376,فرص عمل عامل نظافة (ذكور فقط) صباحي ومسائي - التجمع الخامس - القاهرة,اعمال النظافة,male,Egypt,خدمات تنظيف,نظافة
377,فرص عمل هاوس كيبنج خدمات نظافة - التجمع الخامس - القاهرة,اعمال النظافة,male,Egypt,خدمات تنظيف,نظافة
378,فرص عمل عامل خدمات نظافة في التجمع الخامس - التجمع الخامس - القاهرة,اعمال النظافة,neutral,Egypt,خدمات تنظيف,نظافة
379,كاشير - التجمع الخامس - القاهرة,كاشير,male,Egypt,إدارة وسكرتارية,إدارة وسكرتارية
381,مسئول مبيعات ايس كريم (مبيعات داخلية) - التجمع الخامس - القاهرة,مبيعات داخلية,neutral,Egypt,مبيعات,مبيعات
382,كاشير - التجمع الخامس - القاهرة,كاشير,neutral,Egypt,إدارة وسكرتارية,إدارة وسكرتارية
383,مسئولة سوشيال ميديا - Moderator (التجمع الخامس) - التجمع الخامس - القاهرة,تسويق إلكترونى/ سوشيال ميديا,female,Egypt,تسويق,تسويق
384,فرص عمل مسئول استقبال - التجمع الخامس - القاهرة,سكرتارية واستقبال,male,Egypt,خدمة عملاء,خدمة عملاء
385,ويتر - التجمع الخامس - القاهرة,تقديم الاطعمة والمشروبات,neutral,Egypt,سياحة ومطاعم,فندقة ومطاعم
386,فرص عمل مندوب اداري خارجى ( تعاملات حكومية وغير حكومية ) - التجمع الخامس - القاهرة,اعمال المكتب,male,Egypt,خدمة عملاء,خدمة عملاء
387,مدير خدمة عملاء (خبرة بشركات تطوير عقاري) - التجمع الخامس - القاهرة,خدمة عملاء,male,Egypt,خدمة عملاء,خدمة عملاء
388,موظف خدمة عملاء داخل الفرع - التجمع الخامس - القاهرة,خدمة عملاء,neutral,Egypt,خدمة عملاء,خدمة عملاء
389,فرص عمل سكرتارية - التجمع الخامس - القاهرة,سكرتارية واستقبال,female,Egypt,خدمة عملاء,خدمة عملاء
390,فرص عمل سكرتيرة تنفيذية - التجمع الخامس - القاهرة,سكرتارية واستقبال,female,Egypt,خدمة عملاء,خدمة عملاء
391,فرص عمل مسؤول استقبال (عيادة اسنان) - التجمع الخامس - القاهرة,سكرتارية واستقبال,neutral,Egypt,خدمة عملاء,خدمة عملاء
392,كول سنتر ( ذكور/ إناث) - التجمع الخامس - القاهرة,كول سنتر/Call Center,neutral,Egypt,خدمة عملاء,خدمة عملاء
393,محضر طلبات - التجمع الخامس - القاهرة,منسق دعاية وعروض/ أشرز,neutral,Egypt,إعلام وتصميم,تصميم
394,فرص عمل افراد امن - التجمع الخامس - القاهرة,اعمال الامن,male,Egypt,أمن وحراسة,أمن وحراسة
395,مشرف مدني او معماري - التجمع الخامس - القاهرة,الاشراف على اعمال التشييد والبناء,neutral,Egypt,أمن وحراسة,أمن وحراسة
396,شيف استيوارد - التجمع الخامس - القاهرة,تقديم الاطعمة والمشروبات,male,Egypt,سياحة ومطاعم,فندقة ومطاعم
397,باريستا (يشترط الخبرة) - التجمع الخامس - القاهرة,تقديم الاطعمة والمشروبات,male,Egypt,سياحة ومطاعم,فندقة ومطاعم
398,هيد باريستا -Head Barista - التجمع الخامس - القاهرة,تقديم الاطعمة والمشروبات,neutral,Egypt,سياحة ومطاعم,فندقة ومطاعم
399,هيد باريستا (head barista) - التجمع الخامس - القاهرة,تقديم الاطعمة والمشروبات,neutral,Egypt,سياحة ومطاعم,فندقة ومطاعم
401,call center - كول سنتر - التجمع الخامس - القاهرة,كول سنتر/Call Center,neutral,Egypt,خدمة عملاء,خدمة عملاء
402,سائق (رخصة درجة اولى) - التجمع الخامس - القاهرة,قيادة سيارات ركوب ونقل ثقيل,male,Egypt,سيارات وميكانيك,سيارات وميكانيك
403,تلي سيلز - التجمع الخامس - القاهرة,تسويق ومبيعات عبر الهاتف,neutral,Egypt,مبيعات,مبيعات
404,ميديا باير - Media Buyer - التجمع الخامس - القاهرة,تسويق إلكترونى/ سوشيال ميديا,neutral,Egypt,تسويق,تسويق
405,كاشير - التجمع الخامس - القاهرة,كاشير,neutral,Egypt,إدارة وسكرتارية,إدارة وسكرتارية
406,فرص عمل سكرتيرة - التجمع الخامس - القاهرة,سكرتارية واستقبال,female,Egypt,خدمة عملاء,خدمة عملاء
407,خدمة عملاء فروع ما بعد البيع (صيانة هواتف محمولة) سامسونج - التجمع الخامس - القاهرة,خدمة عملاء,male,Egypt,خدمة عملاء,خدمة عملاء
408,عاملات إنتاج (لا يشترط خبرة) - التجمع الخامس - القاهرة,فنيين وعمال إنتاج,female,Egypt,فنيين وحرفيين,فنيين وحرفيين
409,عمال / عاملات إنتاج (لا يشترط خبرة) - التجمع الخامس - القاهرة,فنيين وعمال إنتاج,neutral,Egypt,فنيين وحرفيين,فنيين وحرفيين
411,فرص عمل عامل مخزن - التجمع الخامس - القاهرة,اعمال المخازن,male,Egypt,صناعة وتجزئة,صناعة وتجزئة
412,فني تبريد وتكييف مركزي شيلر وسبليت (التجمع الخامس) - التجمع الخامس - القاهرة,التبريد والتكييف,male,Egypt,فنيين وحرفيين,فنيين وحرفيين
413,فني تبريد وتكييف (تشيلرات - اسبليت - فان كويل - DX) - التجمع الخامس - القاهرة,التبريد والتكييف,male,Egypt,فنيين وحرفيين,فنيين وحرفيين
414,فني تبريد وتكييف - التجمع الخامس - القاهرة,التبريد والتكييف,male,Egypt,فنيين وحرفيين,فنيين وحرفيين
415,فني صيانه تبريد وتكييف - التجمع الخامس - القاهرة,التبريد والتكييف,male,Egypt,فنيين وحرفيين,فنيين وحرفيين
416,سباك تركيبات و صيانة - التجمع الخامس - القاهرة,سباكة,male,Egypt,فنيين وحرفيين,فنيين وحرفيين
417,فني سباكة - التجمع الخامس - القاهرة,سباكة,male,Egypt,فنيين وحرفيين,فنيين وحرفيين
418,فنيين ميكانيكا طلمبات - التجمع الخامس - التجمع الخامس - القاهرة,صيانة الماكينات,male,Egypt,فنيين وحرفيين,فنيين وحرفيين
419,فني ميكانيكا (صيانة ماكينات) - التجمع الخامس - القاهرة,صيانة الماكينات,male,Egypt,فنيين وحرفيين,فنيين وحرفيين
420,رسم و تشغيل ماكينات CNC - التجمع الخامس - القاهرة,فنيين تشغيل CNC,male,Egypt,فنيين وحرفيين,فنيين وحرفيين
421,عمال حقن بلاستيك - التجمع الخامس - القاهرة,فنيين وعمال إنتاج,male,Egypt,فنيين وحرفيين,فنيين وحرفيين
422,عمال إنتاج (لا يشترط خبرة) - التجمع الخامس - القاهرة,فنيين وعمال إنتاج,male,Egypt,فنيين وحرفيين,فنيين وحرفيين
423,عامل انتاج - التجمع الخامس - القاهرة,فنيين وعمال إنتاج,male,Egypt,فنيين وحرفيين,فنيين وحرفيين
424,فنيين تجميع و فنيين تشغيل لوحات كهرباء (خبرة و بدون) - التجمع الخامس - القاهرة,كهرباء,male,Egypt,فنيين وحرفيين,فنيين وحرفيين
425,فني كهرباء - التجمع الخامس - القاهرة,كهرباء,male,Egypt,فنيين وحرفيين,فنيين وحرفيين
426,فني كهرباء - التجمع الخامس - القاهرة,كهرباء,male,Egypt,فنيين وحرفيين,فنيين وحرفيين
427,فني كهرباء (القاهره فقط) - التجمع الخامس - القاهرة,كهرباء,male,Egypt,فنيين وحرفيين,فنيين وحرفيين
428,فني كهرباء سيليسيون و كنترول - التجمع الخامس - القاهرة,كهرباء,male,Egypt,فنيين وحرفيين,فنيين وحرفيين
429,فنى كهرباء كنترول - التجمع الخامس - القاهرة,كهرباء,neutral,Egypt,فنيين وحرفيين,فنيين وحرفيين
430,فرص عمل hr generalist - اخصائي الموارد البشريه - التجمع الخامس - القاهرة,موارد بشرية,neutral,Egypt,موارد بشرية,موارد بشرية
431,تلى سيلز وتسويق عبر التليفون - ( من مقر الشركة) - التجمع الخامس - القاهرة,تسويق ومبيعات عبر الهاتف,female,Egypt,مبيعات,مبيعات
432,تلى سيلز (اناث) - التجمع الخامس - القاهرة,تسويق ومبيعات عبر الهاتف,female,Egypt,مبيعات,مبيعات
433,مستشار عقارات - property consultant - التجمع الخامس - القاهرة,تسويق ومبيعات عقارية,neutral,Egypt,مبيعات,مبيعات
434,مسئول مبيعات عقارية - التجمع الخامس - القاهرة,تسويق ومبيعات عقارية,neutral,Egypt,مبيعات,مبيعات
435,مبيعات عقارات (يشترط الخبرة) - التجمع الخامس - القاهرة,تسويق ومبيعات عقارية,neutral,Egypt,مبيعات,مبيعات
436,مدير حساب - Senior accountant manager - التجمع الخامس - القاهرة,مبيعات خارجية وتوزيع,male,Egypt,مبيعات,مبيعات
437,مبيعات اضاءة ليد - التجمع الخامس - القاهرة,مبيعات خارجية وتوزيع,neutral,Egypt,مبيعات,مبيعات
440,مسئولة مبيعات فاشون - التجمع الخامس - التجمع الخامس - القاهرة,مبيعات داخلية,female,Egypt,مبيعات,مبيعات
441,مسئول مبيعات داخلية (خبرة او بدون) - التجمع الخامس - القاهرة,مبيعات داخلية,male,Egypt,مبيعات,مبيعات
442,مسئول مبيعات داخلية (اثاث) - التجمع الخامس - القاهرة,مبيعات داخلية,neutral,Egypt,مبيعات,مبيعات
443,بائع / بائعة جيلاتو أمورينو - التجمع الخامس - القاهرة,مبيعات داخلية,neutral,Egypt,مبيعات,مبيعات
444,مسئول مبيعات داخلية - التجمع الخامس - التجمع الخامس - القاهرة,مبيعات داخلية,neutral,Egypt,مبيعات,مبيعات
446,سيلز داخل الفروع - التجمع الخامس - القاهرة,مبيعات داخلية,neutral,Egypt,مبيعات,مبيعات
447,مندوب تسليم و توزيع (مواد غذائيه) - التجمع الخامس - القاهرة,مندوب تسويق,male,Egypt,مبيعات,مبيعات
449,مهندس مبيعات داخلية (فنون تطبيقية/جميلة) خبرة في المطابخ - التجمع الخامس - القاهرة,هندسة عمارة وديكور,neutral,Egypt,إعلام وتصميم,تصميم
450,مشرفين ومشرفات خريجين علم نفس وعلم اجتماع - التجمع الخامس - القاهرة,اشراف تربوي,neutral,Egypt,تعليم,تعليم
451,فرص عمل سكرتيرة المدير العام - التجمع الخامس - القاهرة,سكرتارية واستقبال,female,Egypt,خدمة عملاء,خدمة عملاء
455,مشرف فرع (سوبرفايزر) (بانكيكس كوفي) - التجمع الخامس - القاهرة,تقديم الاطعمة والمشروبات,male,Egypt,سياحة ومطاعم,فندقة ومطاعم
456,real estate sales - سيلز عقارات - التجمع الخامس - القاهرة,تسويق ومبيعات عقارية,neutral,Egypt,مبيعات,مبيعات
457,مسئول مبيعات عقارية - real estate sales - التجمع الخامس - القاهرة,تسويق ومبيعات عقارية,neutral,Egypt,مبيعات,مبيعات
458,سائق جامبو - التجمع الخامس - القاهرة,قيادة سيارات ركوب ونقل ثقيل,male,Egypt,سيارات وميكانيك,سيارات وميكانيك
459,سائق (رخصة درجة ثانية/اولى) - التجمع الخامس - القاهرة,قيادة سيارات ركوب ونقل ثقيل,male,Egypt,سيارات وميكانيك,سيارات وميكانيك
460,سائق دبابة (رخصة مهنية درجة ثالثة) - التجمع الخامس - القاهرة,قيادة سيارات ركوب ونقل ثقيل,male,Egypt,سيارات وميكانيك,سيارات وميكانيك
461,سائق ادارى - التجمع الخامس - القاهرة,قيادة سيارات ركوب ونقل ثقيل,male,Egypt,سيارات وميكانيك,سيارات وميكانيك
468,مبلط سيراميك - القاهرة - التجمع الخامس - القاهرة,اعمال البلاط والرخام,male,Egypt,فنيين وحرفيين,فنيين وحرفيين
470,فرص عمل مسئولة استيراد - التجمع الخامس - القاهرة,اعمال لوجيستية,female,Egypt,موارد بشرية,موارد بشرية
471,فرص عمل امين مخزن - التجمع الخامس - القاهرة,ادارة المخازن,male,Egypt,إدارة وسكرتارية,إدارة وسكرتارية
472,فرص عمل مشرف امين مخزن (يشترط الخبرة) - التجمع الخامس - القاهرة,ادارة المخازن,male,Egypt,إدارة وسكرتارية,إدارة وسكرتارية
473,فرص عمل امين مخزن - التجمع الخامس - القاهرة,ادارة المخازن,male,Egypt,إدارة وسكرتارية,إدارة وسكرتارية
474,فرص عمل امين مخزن (خبرة مواد غذائية) - التجمع الخامس - القاهرة,ادارة المخازن,male,Egypt,إدارة وسكرتارية,إدارة وسكرتارية
475,فرص عمل مساعده مدير و اشراف فروع - التجمع الخامس - القاهرة,ادارة فروع,female,Egypt,إدارة وسكرتارية,إدارة وسكرتارية
476,فرص عمل مدير تشغيل مطاعم - التجمع الخامس - القاهرة,ادارة فروع,male,Egypt,إدارة وسكرتارية,إدارة وسكرتارية
477,فرص عمل مشرف مطعم - restaurant supervisor (يشترط الخبرة) - التجمع الخامس - القاهرة,ادارة فروع,neutral,Egypt,إدارة وسكرتارية,إدارة وسكرتارية
478,فرص عمل مدير فرع-Branch Manager - التجمع الخامس - القاهرة,ادارة فروع,neutral,Egypt,إدارة وسكرتارية,إدارة وسكرتارية
479,فرص عمل مشرف وردية ( جيلاتو أمورينو ) - التجمع الخامس - القاهرة,ادارة فروع,neutral,Egypt,إدارة وسكرتارية,إدارة وسكرتارية
481,فرص عمل أدمن - Admin - التجمع الخامس - القاهرة,اعمال المكتب,female,Egypt,خدمة عملاء,خدمة عملاء
482,مساعد فنى طباعة فى مطبعة اوت دور - التجمع الخامس - القاهرة,اعمال طباعة,male,Egypt,رعاية صحية,طب
483,شيف برجر وصوصات - Sauce chef or saucier - Sous-chef - Chef de cuisine - التجمع الخامس - القاهرة,الطبخ,male,Egypt,رعاية صحية,طب
484,مدير مطبخ (kitchen manager) - التجمع الخامس - القاهرة,الطبخ,neutral,Egypt,رعاية صحية,طب
485,شيف دى بارتى - التجمع الخامس - القاهرة,الطبخ,neutral,Egypt,رعاية صحية,طب
486,مسئول مبيعات خارجية - Sales Rep - التجمع الخامس - القاهرة,مبيعات خارجية وتوزيع,neutral,Egypt,مبيعات,مبيعات
487,فرص عمل مدير فرع (بانكيكس كوفي) - التجمع الخامس - القاهرة,ادارة فروع,male,Egypt,إدارة وسكرتارية,إدارة وسكرتارية
488,purchasing specialist-مسؤول مشتريات - التجمع الخامس - القاهرة,مندوب مشتريات,neutral,Egypt,مبيعات,مبيعات
489,مهندسة تصميم و مبيعات - التجمع الخامس - القاهرة,هندسة عمارة وديكور,female,Egypt,إعلام وتصميم,تصميم
490,مهندس معماري مكتب فني - التجمع الخامس - القاهرة,هندسة عمارة وديكور,male,Egypt,إعلام وتصميم,تصميم
491,سائق رخصة (مهنية او خاصة) - التجمع الخامس - القاهرة,توصيل,male,Egypt,سائقين وتوصيل,سائقين وتوصيل
492,شيف سخن وتجهيزات - التجمع الخامس - القاهرة,الطبخ,neutral,Egypt,رعاية صحية,طب
493,فني تبريد و تكييف مصانع ايس كريم - التجمع الخامس - القاهرة,التبريد والتكييف,male,Egypt,فنيين وحرفيين,فنيين وحرفيين
495,مسئول مبيعات عقارية - التجمع الخامس - القاهرة,تسويق ومبيعات عقارية,neutral,Egypt,مبيعات,مبيعات
496,شيف ( فطاطرى) - التجمع الخامس - القاهرة,الطبخ,male,Egypt,رعاية صحية,طب
497,فرص عمل مدير فرع - مساعد مدير (سوبر ماركت) - التجمع الخامس - القاهرة,ادارة فروع,male,Egypt,إدارة وسكرتارية,إدارة وسكرتارية
499,مهندس جودة- ( صناعات غذائية ) - التجمع الخامس - القاهرة,جودة,male,Egypt,صناعة وتجزئة,صناعة وتجزئة
500,مهندس صيانة (كهرباء / مدني) - التجمع الخامس - القاهرة,هندسة صيانة,male,Egypt,هندسة,هندسة
501,مهندس اول كهرباء - التجمع الخامس - القاهرة,هندسة كهرباء واتصالات,male,Egypt,هندسة,هندسة
503,مهندس مكتب فني - التجمع الخامس - القاهرة,هندسة مدنية,neutral,Egypt,هندسة,هندسة
504,مسئول مبيعات عقارية اول - التجمع الخامس - القاهرة,تسويق ومبيعات عقارية,neutral,Egypt,مبيعات,مبيعات
506,مدير مطبخ (Kitchen Manager) - التجمع الخامس - القاهرة,الطبخ,male,Egypt,رعاية صحية,طب
507,فرص عمل مدير تشغيل مطاعم - التجمع الخامس - القاهرة,ادارة فروع,male,Egypt,إدارة وسكرتارية,إدارة وسكرتارية
509,كاشير (ذكور/اناث) - التجمع الخامس - القاهرة,كاشير,neutral,Egypt,إدارة وسكرتارية,إدارة وسكرتارية
510,مسئول مبيعات داخلية - التجمع الخامس - القاهرة,مبيعات داخلية,male,Egypt,مبيعات,مبيعات
511,كابتن صالة (خبرة بالمطاعم العالمية) (كاجوال داينينج) - التجمع الخامس - القاهرة,ضيافة و استقبال,male,Egypt,سياحة ومطاعم,فندقة ومطاعم
513,فرص عمل امن (10 ساعات ) - التجمع الخامس - القاهرة,اعمال الامن,male,Egypt,أمن وحراسة,أمن وحراسة
514,فرص عمل افراد امن - التجمع الخامس - القاهرة,اعمال الامن,neutral,Egypt,أمن وحراسة,أمن وحراسة
515,فرص عمل سكرتاريه وادمن - (شركة عقارات بالتجمع الخامس) - ( اناث) - التجمع الخامس - القاهرة,سكرتارية واستقبال,female,Egypt,خدمة عملاء,خدمة عملاء
517,عامل تنسيق حدائق - التجمع الخامس - القاهرة,تنسيق حدائق ولاند سكيب,male,Egypt,فنيين وحرفيين,زراعة
518,سيلز عقارات بشركة معمار العزيز تطوير عقاري - ( بالتجمع الخامس ) - التجمع الخامس - القاهرة,تسويق ومبيعات عقارية,neutral,Egypt,مبيعات,مبيعات
521,سائق ديلفري- درجة ثالثة مهنية أو خاصة (القاهرة) - التجمع الخامس - القاهرة,قيادة سيارات ركوب ونقل ثقيل,male,Egypt,سيارات وميكانيك,سيارات وميكانيك
522,كاشير (القاهرة) - التجمع الخامس - القاهرة,كاشير,male,Egypt,إدارة وسكرتارية,إدارة وسكرتارية
523,مضيف (بائع داخل محل حلوانى) (القاهرة) - التجمع الخامس - القاهرة,مبيعات داخلية,male,Egypt,مبيعات,مبيعات
524,دليفري (يشترط إمتلاك دراجة نارية) - التجمع الخامس - القاهرة,قيادة الدراجات البخارية,male,Egypt,سائقين وتوصيل,سائقين وتوصيل
525,فنى صيانة تكييف ومعدات - التجمع الخامس - القاهرة,التبريد والتكييف,male,Egypt,فنيين وحرفيين,فنيين وحرفيين
526,باريستا (خبرة بالمطاعم و الكافيهات) - التجمع الخامس - القاهرة,تقديم الاطعمة والمشروبات,male,Egypt,سياحة ومطاعم,فندقة ومطاعم
527,شيف بيتزا شرقي (فطاطري) - التجمع الخامس - القاهرة,الطبخ,male,Egypt,رعاية صحية,طب
529,مشرف هاوس كيبينج ( مشرف خدمات ) - التجمع الخامس - القاهرة,نظافة واشراف داخلي,neutral,Egypt,خدمات تنظيف,نظافة
530,شيف بيتزا ايطالي - التجمع الخامس - القاهرة,الطبخ,neutral,Egypt,رعاية صحية,طب
531,مسؤولة مبيعات عبر الهاتف (تلي سيلز) - التجمع الخامس - القاهرة,تسويق ومبيعات عبر الهاتف,female,Egypt,مبيعات,مبيعات
532,sales outdoor - مسئول مبيعات خارجية - التجمع الخامس - القاهرة,مبيعات خارجية وتوزيع,neutral,Egypt,مبيعات,مبيعات
533,sales - سيلز اكسسوارات فضة واحجار كريمة - التجمع الخامس - القاهرة,مبيعات داخلية,neutral,Egypt,مبيعات,مبيعات
534,فرص عمل مساعد مدير فرع - التجمع الخامس - القاهرة,ادارة فروع,neutral,Egypt,إدارة وسكرتارية,إدارة وسكرتارية
535,عضو فريق (crew) - التجمع الخامس - القاهرة,تقديم الاطعمة والمشروبات,male,Egypt,سياحة ومطاعم,فندقة ومطاعم
536,شيف انترناشيونال (خبرة بالمطاعم العالمية) (سخن) (كاجوال داينينج) - التجمع الخامس - القاهرة,الطبخ,male,Egypt,رعاية صحية,طب
537,اخصائيين واخصائيات خريجين علم نفس وعلم اجتماع - التجمع الخامس - القاهرة,اشراف تربوي,neutral,Egypt,تعليم,تعليم
538,بائعين داخل الفروع (لا يشترط خبرة) (يقبل الطلبة) - التجمع الخامس - القاهرة,مبيعات داخلية,neutral,Egypt,مبيعات,مبيعات
540,فني كهرباء سعودي - الجبيل - المملكة العربية السعودية,كهرباء,male,Egypt,فنيين وحرفيين,فنيين وحرفيين
541,مندوب دعاية لديه سيارة - الجناين - السويس,مبيعات خارجية وتوزيع,male,Egypt,مبيعات,مبيعات
543,وكيل استعلام وتحصيل (السويس) - الجناين - السويس,تحصيل,male,Egypt,مالية ومحاسبة,تأمين
544,مسئول حجوزات - الجيزة - الجيزة,حجوزات,neutral,Egypt,سياحة ومطاعم,سياحة و سفر
545,فرص عمل إداري جمعية خيرية - الجيزة - الجيزة,اعمال المكتب,neutral,Egypt,خدمة عملاء,خدمة عملاء
546,مساعد شيف - الجيزة - الجيزة,الطبخ,male,Egypt,رعاية صحية,طب
548,مندوب تحصيل - الجيزة - الجيزة,تحصيل,neutral,Egypt,مالية ومحاسبة,تأمين
549,فرص عمل عامل بوفيه و نظافة - الجيزة - الجيزة,ساعي بوفيه/Office Boy,male,Egypt,سياحة ومطاعم,فندقة ومطاعم
550,فرص عمل سكرتيرة تنفيذية - الجيزة - الجيزة,سكرتارية واستقبال,female,Egypt,خدمة عملاء,خدمة عملاء
551,فرص عمل موظفة استقبال-Receptionist - الجيزة - الجيزة,سكرتارية واستقبال,female,Egypt,خدمة عملاء,خدمة عملاء
552,فرص عمل مدير توظيف (يشترط خبرة) - الجيزة - الجيزة,موارد بشرية,male,Egypt,موارد بشرية,موارد بشرية
553,سائق ( درجة ثانيه ) - الجيزة - الجيزة,قيادة سيارات ركوب ونقل ثقيل,male,Egypt,سيارات وميكانيك,سيارات وميكانيك
554,مساعد شيف - الجيزة - الجيزة,الطبخ,male,Egypt,رعاية صحية,طب
557,فرص عمل مندوب تأمينات اجتماعية ومكاتب عمل - الجيزة - الجيزة,شئون طلبة / موظفين,male,Egypt,موارد بشرية,موارد بشرية
558,مناديب مبيعات (مجال الاجهزة الكهربائية واجهزة الصوتيات) - الجيزة - الجيزة,مبيعات خارجية وتوزيع,male,Egypt,مبيعات,مبيعات
560,مندوب تسليم و توزيع (الجيزة) - الجيزة - الجيزة,مبيعات خارجية وتوزيع,male,Egypt,مبيعات,مبيعات
561,دعم فني خارجي (خدمة عملاء) - الجيزة - الجيزة,مبيعات خارجية وتوزيع,male,Egypt,مبيعات,مبيعات
563,مسئول مبيعات داخلية - الجيزة - الجيزة,مبيعات داخلية,neutral,Egypt,مبيعات,مبيعات
564,موظف مبيعات و برمجة طبية - الجيزة - الجيزة - الجيزة,مبيعات داخلية,neutral,Egypt,مبيعات,مبيعات
565,مبيعات داخلية - sales indoor - الجيزة - الجيزة,مبيعات داخلية,neutral,Egypt,مبيعات,مبيعات
567,فنى سمكرة ودهان سيارات - الجيزة - الجيزة,سمكرة السيارات,male,Egypt,سيارات وميكانيك,سيارات وميكانيك
568,سائق (رخصة درجة ثالثة) (الجيزة) - الجيزة - الجيزة,قيادة سيارات ركوب ونقل ثقيل,male,Egypt,سيارات وميكانيك,سيارات وميكانيك
569,مهندس صيانة - الجيزة - الجيزة,هندسة ميكانيكا,male,Egypt,سيارات وميكانيك,سيارات وميكانيك
570,مشرف ميكانيكا (خبرة في الهيدروليك) - الجيزة - الجيزة,هندسة ميكانيكا,male,Egypt,سيارات وميكانيك,سيارات وميكانيك
576,فرص عمل مدير مخازن - الجيزة - الجيزة,ادارة المخازن,male,Egypt,إدارة وسكرتارية,إدارة وسكرتارية
577,فرص عمل مسئول إستلام وتسليم بضائع - الجيزة - الجيزة,ادارة المخازن,male,Egypt,إدارة وسكرتارية,إدارة وسكرتارية
578,فرص عمل ادخال بيانات - الجيزة - الجيزة,ادخال بيانات,male,Egypt,إدارة وسكرتارية,إدارة وسكرتارية
579,مندوب تسليمات - شركة انتاج لحوم - الجيزة - الجيزة,توصيل,male,Egypt,سائقين وتوصيل,سائقين وتوصيل
581,فرص عمل مندوب تراخيص - الجيزة - الجيزة,اعمال لوجيستية,male,Egypt,موارد بشرية,موارد بشرية
582,فرص عمل سوبر فايزر مطعم - يشترط الخبرة - الجيزة - الجيزة,ادارة فروع,neutral,Egypt,إدارة وسكرتارية,إدارة وسكرتارية
583,مسؤول دعم فني - الجيزة - الجيزة,دعم فنى,neutral,Egypt,تكنولوجيا المعلومات,تكنولوجيا المعلومات
586,مهندس انتاج - الجيزة - الجيزة,هندسة نسيج,male,Egypt,هندسة,هندسة
587,سائق دراجة نارية (مندوب توصيل) - الجيزة - الجيزة,قيادة الدراجات البخارية,male,Egypt,سائقين وتوصيل,سائقين وتوصيل
590,مبيعات داخلية - شاومي (sales indoor) - الجيزة - الجيزة,مبيعات داخلية,male,Egypt,مبيعات,مبيعات
591,سائقين (رخصة درجة ثانية) - الجيزة - الجيزة,قيادة سيارات ركوب ونقل ثقيل,male,Egypt,سيارات وميكانيك,سيارات وميكانيك
592,استيوارد (عامل نظافة) - الجيزة - الجيزة,نظافة واشراف داخلي,male,Egypt,خدمات تنظيف,نظافة
594,فرص عمل مشرف ادارى فرع - الجيزة - الجيزة,ادارة فروع,male,Egypt,إدارة وسكرتارية,إدارة وسكرتارية
595,مهندس إنشائي موقع - الجيزة - الجيزة,هندسة مدنية,neutral,Egypt,هندسة,هندسة
596,شيف جبن - الجيزة - الجيزة,الطبخ,male,Egypt,رعاية صحية,طب
597,شيف جزار - الجيزة - الجيزة,الطبخ,male,Egypt,رعاية صحية,طب
598,سائق رخصة ثانية - الجيزة - الجيزة,قيادة سيارات ركوب ونقل ثقيل,male,Egypt,سيارات وميكانيك,سيارات وميكانيك
599,فنى كهرباء باور و كنترول و plc ماكينات - الجيزة - الجيزة,كهرباء,male,Egypt,فنيين وحرفيين,فنيين وحرفيين
600,مشغل محطة تحلية المياه - الجيزة - الجيزة,فنيين وعمال إنتاج,male,Egypt,فنيين وحرفيين,فنيين وحرفيين
601,سائق (رخصة درجة ثانية) - الجيزة - الجيزة,قيادة سيارات ركوب ونقل ثقيل,male,Egypt,سيارات وميكانيك,سيارات وميكانيك
603,مسئول صيانة ماكينات عد نقديه (الجيزه) - الجيزة - الجيزة,صيانة الماكينات,male,Egypt,فنيين وحرفيين,فنيين وحرفيين
604,مسؤوله مبيعات ( الشيخ زايد - منيل) - الجيزة - الجيزة,تسويق ومبيعات عبر الهاتف,female,Egypt,مبيعات,مبيعات
605,مهندس مكتب فني - الجيزة - الجيزة,هندسة مدنية,male,Egypt,هندسة,هندسة
606,مهندس موقع (مدني) - الجيزة - الجيزة,هندسة مدنية,male,Egypt,هندسة,هندسة
607,كاشير (ذكور) - الجيزة - الجيزة,كاشير,male,Egypt,إدارة وسكرتارية,إدارة وسكرتارية
608,فرص عمل مشرف امن - الجيزة - الجيزة,اعمال الامن,male,Egypt,أمن وحراسة,أمن وحراسة
609,مسئول مبيعات داخلية - الجيزة - الجيزة,مبيعات داخلية,neutral,Egypt,مبيعات,مبيعات
610,باريستا (ذكور و إناث) - الجيزة - الجيزة,تقديم الاطعمة والمشروبات,neutral,Egypt,سياحة ومطاعم,فندقة ومطاعم
611,مندوب تسليم-الهرم /6 أكتوبر - الجيزة - الجيزة,توصيل,male,Egypt,سائقين وتوصيل,سائقين وتوصيل
612,فرص عمل عامل مخازن - الجيزة - الجيزة,اعمال المخازن,male,Egypt,صناعة وتجزئة,صناعة وتجزئة
613,مندوب كبس و ضغط - الجيزة - الجيزة,تشغيل المكابس,neutral,Egypt,فنيين وحرفيين,فنيين وحرفيين
614,منسق ادارى علاقات عامة - الجيزة - الجيزة,علاقات عامة,neutral,Egypt,تسويق,تسويق
615,مشرف مبيعات - الجيزة - الجيزة,مبيعات داخلية,neutral,Egypt,مبيعات,مبيعات
616,مبيعات داخلية (بائع) اكتوبر - الجيزة - الجيزة,مبيعات داخلية,neutral,Egypt,مبيعات,مبيعات
617,فرص عمل موظف أمن - الجيزة - الجيزة,اعمال الامن,male,Egypt,أمن وحراسة,أمن وحراسة
618,سائق رخصة درجة ثانية ( جامبو ) - الجيزة - الجيزة,قيادة سيارات ركوب ونقل ثقيل,male,Egypt,سيارات وميكانيك,سيارات وميكانيك
619,فرص عمل فرد أمن و حراسة (12 ساعة) - الجيزة - الجيزة,اعمال الامن,neutral,Egypt,أمن وحراسة,أمن وحراسة
620,موظف خدمات نظافه - الجيزة - الجيزة,خدمة الغرف/Room Service,neutral,Egypt,خدمة عملاء,خدمة عملاء
621,فرص عمل store manager-مدير فرع - الجيزة - الجيزة,ادارة فروع,neutral,Egypt,إدارة وسكرتارية,إدارة وسكرتارية
622,مطور مبيعات خارجية (منيل شيحة) - الجيزة - الجيزة,مبيعات خارجية وتوزيع,neutral,Egypt,مبيعات,مبيعات
623,سائق (رخصة درجة ثانية/اولى) - الجيزة - الجيزة,قيادة سيارات ركوب ونقل ثقيل,male,Egypt,سيارات وميكانيك,سيارات وميكانيك
624,مشرف مبيعات (انتاج حيواني) - الجيزة - الجيزة,مبيعات خارجية وتوزيع,neutral,Egypt,مبيعات,مبيعات
626,فني تبريد و تكييف (يشترط خبرة) - الجيزة - الجيزة,التبريد والتكييف,male,Egypt,فنيين وحرفيين,فنيين وحرفيين
627,مسوق إلكتروني - الجيزة - الجيزة,تسويق إلكترونى/ سوشيال ميديا,neutral,Egypt,تسويق,تسويق
628,فرص عمل عامل نظافة الفرع - الجيزة - الجيزة,اعمال النظافة,male,Egypt,خدمات تنظيف,نظافة
630,مندوبين مبيعات خارجية - الحادقة - الفيوم,مبيعات خارجية وتوزيع,neutral,Egypt,مبيعات,مبيعات
631,مسئول صيانة ماكينات عد نقديه (الفيوم) - الحادقة - الفيوم,صيانة الماكينات,male,Egypt,فنيين وحرفيين,فنيين وحرفيين
632,مسؤولين مبيعات خارجية (Corporate sales Agent) (الدلتا) - الحامول - كفر الشيخ,مبيعات خارجية وتوزيع,neutral,Egypt,مبيعات,مبيعات
633,وكيل استعلام و تحصيل (كفر الشيخ) - الحامول - كفر الشيخ,تحصيل,male,Egypt,مالية ومحاسبة,تأمين
635,مندوب مشتريات لديه سيارة - كفر الشيخ - الحامول - كفر الشيخ,مندوب مشتريات,male,Egypt,مبيعات,مبيعات
636,مندوب كبس و ضغط - الحسينية - الشرقية,تشغيل المكابس,male,Egypt,فنيين وحرفيين,فنيين وحرفيين
638,مسئول تسويق خارجي و دعاية (خبرة بالدهانات فقط) - الحوامدية - الجيزة,مبيعات خارجية وتوزيع,male,Egypt,مبيعات,مبيعات
639,فني اول كهرباء تشغيل مولدات - الخارجة - الوادي الجديد,كهرباء,male,Egypt,فنيين وحرفيين,فنيين وحرفيين
640,مندوب دعاية لديه سيارة - الخانكة - القليوبية,مبيعات خارجية وتوزيع,male,Egypt,مبيعات,مبيعات
641,اخصائى مبيعات - الخانكة - القليوبية,مبيعات خارجية وتوزيع,male,Egypt,مبيعات,مبيعات
